2026-07-09T12:25:02.898+05:30 DEBUG 7336 --- [01-Sb-Logging-App] [RMI TCP Connection(2)-127.0.0.1] sun.rmi.transport.tcp                    : RMI TCP Connection(2)-127.0.0.1: (port 22336) op = 82
2026-07-09T12:25:02.902+05:30 DEBUG 7336 --- [01-Sb-Logging-App] [RMI TCP Connection(2)-127.0.0.1] sun.rmi.transport.tcp                    : RMI TCP Connection(2)-127.0.0.1: (port 22336) op = 80
2026-07-09T12:25:02.904+05:30 DEBUG 7336 --- [01-Sb-Logging-App] [RMI TCP Connection(2)-127.0.0.1] sun.rmi.loader                           : RMI TCP Connection(2)-127.0.0.1: name = "javax.management.ObjectName", codebase = ""
2026-07-09T12:25:02.905+05:30 DEBUG 7336 --- [01-Sb-Logging-App] [RMI TCP Connection(2)-127.0.0.1] javax.management.remote.rmi              : connectionId=rmi://127.0.0.1  1, name=org.springframework.boot:type=Admin,name=SpringApplication, attribute=Ready
2026-07-09T12:25:02.907+05:30 DEBUG 7336 --- [01-Sb-Logging-App] [RMI TCP Connection(2)-127.0.0.1] sun.rmi.server.call                      : RMI TCP Connection(2)-127.0.0.1: [127.0.0.1] exception: 

javax.management.InstanceNotFoundException: org.springframework.boot:type=Admin,name=SpringApplication
	at java.management/com.sun.jmx.interceptor.DefaultMBeanServerInterceptor.getMBean(DefaultMBeanServerInterceptor.java:1088) ~[na:na]
	at java.management/com.sun.jmx.interceptor.DefaultMBeanServerInterceptor.getAttribute(DefaultMBeanServerInterceptor.java:640) ~[na:na]
	at java.management/com.sun.jmx.mbeanserver.JmxMBeanServer.getAttribute(JmxMBeanServer.java:679) ~[na:na]
	at java.management.rmi/javax.management.remote.rmi.RMIConnectionImpl.doOperation(RMIConnectionImpl.java:1449) ~[na:na]
	at java.management.rmi/javax.management.remote.rmi.RMIConnectionImpl$PrivilegedOperation.run(RMIConnectionImpl.java:1310) ~[na:na]
	at java.management.rmi/javax.management.remote.rmi.RMIConnectionImpl.doPrivilegedOperation(RMIConnectionImpl.java:1405) ~[na:na]
	at java.management.rmi/javax.management.remote.rmi.RMIConnectionImpl.getAttribute(RMIConnectionImpl.java:639) ~[na:na]
	at java.base/jdk.internal.reflect.NativeMethodAccessorImpl.invoke0(Native Method) ~[na:na]
	at java.base/jdk.internal.reflect.NativeMethodAccessorImpl.invoke(NativeMethodAccessorImpl.java:77) ~[na:na]
	at java.base/jdk.internal.reflect.DelegatingMethodAccessorImpl.invoke(DelegatingMethodAccessorImpl.java:43) ~[na:na]
	at java.base/java.lang.reflect.Method.invoke(Method.java:568) ~[na:na]
	at java.rmi/sun.rmi.server.UnicastServerRef.dispatch(UnicastServerRef.java:360) ~[na:na]
	at java.rmi/sun.rmi.transport.Transport$1.run(Transport.java:200) ~[na:na]
	at java.rmi/sun.rmi.transport.Transport$1.run(Transport.java:197) ~[na:na]
	at java.base/java.security.AccessController.doPrivileged(AccessController.java:712) ~[na:na]
	at java.rmi/sun.rmi.transport.Transport.serviceCall(Transport.java:196) ~[na:na]
	at java.rmi/sun.rmi.transport.tcp.TCPTransport.handleMessages(TCPTransport.java:587) ~[na:na]
	at java.rmi/sun.rmi.transport.tcp.TCPTransport$ConnectionHandler.run0(TCPTransport.java:828) ~[na:na]
	at java.rmi/sun.rmi.transport.tcp.TCPTransport$ConnectionHandler.lambda$run$0(TCPTransport.java:705) ~[na:na]
	at java.base/java.security.AccessController.doPrivileged(AccessController.java:399) ~[na:na]
	at java.rmi/sun.rmi.transport.tcp.TCPTransport$ConnectionHandler.run(TCPTransport.java:704) ~[na:na]
	at java.base/java.util.concurrent.ThreadPoolExecutor.runWorker(ThreadPoolExecutor.java:1136) ~[na:na]
	at java.base/java.util.concurrent.ThreadPoolExecutor$Worker.run(ThreadPoolExecutor.java:635) ~[na:na]
	at java.base/java.lang.Thread.run(Thread.java:842) ~[na:na]

2026-07-09T12:25:03.045+05:30  INFO 7336 --- [01-Sb-Logging-App] [restartedMain] com.example.Application                  : Starting Application using Java 17.0.11 with PID 7336 (C:\Java Workplace\Spring-Workplace\01-Sb-Logging-App\target\classes started by Admin in C:\Java Workplace\Spring-Workplace\01-Sb-Logging-App)
2026-07-09T12:25:03.050+05:30 DEBUG 7336 --- [01-Sb-Logging-App] [restartedMain] com.example.Application                  : Running with Spring Boot v4.1.0, Spring v7.0.8
2026-07-09T12:25:03.051+05:30  INFO 7336 --- [01-Sb-Logging-App] [restartedMain] com.example.Application                  : No active profile set, falling back to 1 default profile: "default"
2026-07-09T12:25:03.052+05:30 DEBUG 7336 --- [01-Sb-Logging-App] [restartedMain] o.s.boot.SpringApplication               : Loading source class com.example.Application
2026-07-09T12:25:03.152+05:30 DEBUG 7336 --- [01-Sb-Logging-App] [restartedMain] o.s.b.devtools.restart.ChangeableUrls    : Matching URLs for reloading : [file:/C:/Java%20Workplace/Spring-Workplace/01-Sb-Logging-App/target/classes/]
2026-07-09T12:25:03.153+05:30 DEBUG 7336 --- [01-Sb-Logging-App] [restartedMain] o.s.b.d.settings.DevToolsSettings        : Included patterns for restart : []
2026-07-09T12:25:03.154+05:30 DEBUG 7336 --- [01-Sb-Logging-App] [restartedMain] o.s.b.d.settings.DevToolsSettings        : Excluded patterns for restart : [/spring-boot-starter-[\w-]+/, /spring-boot/(bin|build|out)/, /spring-boot-starter/(bin|build|out)/, /spring-boot-devtools/(bin|build|out)/, /spring-boot-actuator/(bin|build|out)/, /spring-boot-autoconfigure/(bin|build|out)/]
2026-07-09T12:25:03.154+05:30  INFO 7336 --- [01-Sb-Logging-App] [restartedMain] .e.DevToolsPropertyDefaultsPostProcessor : Devtools property defaults active! Set 'spring.devtools.add-properties' to 'false' to disable
2026-07-09T12:25:03.155+05:30  INFO 7336 --- [01-Sb-Logging-App] [restartedMain] .e.DevToolsPropertyDefaultsPostProcessor : For additional web related logging consider setting the 'logging.level.web' property to 'DEBUG'
2026-07-09T12:25:03.156+05:30 DEBUG 7336 --- [01-Sb-Logging-App] [restartedMain] ConfigServletWebServerApplicationContext : Refreshing org.springframework.boot.web.server.servlet.context.AnnotationConfigServletWebServerApplicationContext@37016b5c
2026-07-09T12:25:03.203+05:30 DEBUG 7336 --- [01-Sb-Logging-App] [restartedMain] o.s.b.f.s.DefaultListableBeanFactory     : Creating shared instance of singleton bean 'org.springframework.context.annotation.internalConfigurationAnnotationProcessor'
2026-07-09T12:25:03.235+05:30 DEBUG 7336 --- [01-Sb-Logging-App] [restartedMain] o.s.b.f.s.DefaultListableBeanFactory     : Creating shared instance of singleton bean 'org.springframework.boot.autoconfigure.internalCachingMetadataReaderFactory'
2026-07-09T12:25:03.395+05:30 DEBUG 7336 --- [01-Sb-Logging-App] [restartedMain] o.s.c.a.ClassPathBeanDefinitionScanner   : Identified candidate component class: file [C:\Java Workplace\Spring-Workplace\01-Sb-Logging-App\target\classes\com\example\rest\MsgRestController.class]
2026-07-09T12:25:03.419+05:30 DEBUG 7336 --- [01-Sb-Logging-App] [RMI TCP Connection(2)-127.0.0.1] sun.rmi.transport.tcp                    : RMI TCP Connection(2)-127.0.0.1: (port 22336) op = 82
2026-07-09T12:25:03.420+05:30 DEBUG 7336 --- [01-Sb-Logging-App] [RMI TCP Connection(2)-127.0.0.1] sun.rmi.transport.tcp                    : RMI TCP Connection(2)-127.0.0.1: (port 22336) op = 80
2026-07-09T12:25:03.421+05:30 DEBUG 7336 --- [01-Sb-Logging-App] [RMI TCP Connection(2)-127.0.0.1] sun.rmi.loader                           : RMI TCP Connection(2)-127.0.0.1: name = "javax.management.ObjectName", codebase = ""
2026-07-09T12:25:03.423+05:30 DEBUG 7336 --- [01-Sb-Logging-App] [RMI TCP Connection(2)-127.0.0.1] javax.management.remote.rmi              : connectionId=rmi://127.0.0.1  1, name=org.springframework.boot:type=Admin,name=SpringApplication, attribute=Ready
2026-07-09T12:25:03.424+05:30 DEBUG 7336 --- [01-Sb-Logging-App] [RMI TCP Connection(2)-127.0.0.1] sun.rmi.server.call                      : RMI TCP Connection(2)-127.0.0.1: [127.0.0.1] exception: 

javax.management.InstanceNotFoundException: org.springframework.boot:type=Admin,name=SpringApplication
	at java.management/com.sun.jmx.interceptor.DefaultMBeanServerInterceptor.getMBean(DefaultMBeanServerInterceptor.java:1088) ~[na:na]
	at java.management/com.sun.jmx.interceptor.DefaultMBeanServerInterceptor.getAttribute(DefaultMBeanServerInterceptor.java:640) ~[na:na]
	at java.management/com.sun.jmx.mbeanserver.JmxMBeanServer.getAttribute(JmxMBeanServer.java:679) ~[na:na]
	at java.management.rmi/javax.management.remote.rmi.RMIConnectionImpl.doOperation(RMIConnectionImpl.java:1449) ~[na:na]
	at java.management.rmi/javax.management.remote.rmi.RMIConnectionImpl$PrivilegedOperation.run(RMIConnectionImpl.java:1310) ~[na:na]
	at java.management.rmi/javax.management.remote.rmi.RMIConnectionImpl.doPrivilegedOperation(RMIConnectionImpl.java:1405) ~[na:na]
	at java.management.rmi/javax.management.remote.rmi.RMIConnectionImpl.getAttribute(RMIConnectionImpl.java:639) ~[na:na]
	at java.base/jdk.internal.reflect.NativeMethodAccessorImpl.invoke0(Native Method) ~[na:na]
	at java.base/jdk.internal.reflect.NativeMethodAccessorImpl.invoke(NativeMethodAccessorImpl.java:77) ~[na:na]
	at java.base/jdk.internal.reflect.DelegatingMethodAccessorImpl.invoke(DelegatingMethodAccessorImpl.java:43) ~[na:na]
	at java.base/java.lang.reflect.Method.invoke(Method.java:568) ~[na:na]
	at java.rmi/sun.rmi.server.UnicastServerRef.dispatch(UnicastServerRef.java:360) ~[na:na]
	at java.rmi/sun.rmi.transport.Transport$1.run(Transport.java:200) ~[na:na]
	at java.rmi/sun.rmi.transport.Transport$1.run(Transport.java:197) ~[na:na]
	at java.base/java.security.AccessController.doPrivileged(AccessController.java:712) ~[na:na]
	at java.rmi/sun.rmi.transport.Transport.serviceCall(Transport.java:196) ~[na:na]
	at java.rmi/sun.rmi.transport.tcp.TCPTransport.handleMessages(TCPTransport.java:587) ~[na:na]
	at java.rmi/sun.rmi.transport.tcp.TCPTransport$ConnectionHandler.run0(TCPTransport.java:828) ~[na:na]
	at java.rmi/sun.rmi.transport.tcp.TCPTransport$ConnectionHandler.lambda$run$0(TCPTransport.java:705) ~[na:na]
	at java.base/java.security.AccessController.doPrivileged(AccessController.java:399) ~[na:na]
	at java.rmi/sun.rmi.transport.tcp.TCPTransport$ConnectionHandler.run(TCPTransport.java:704) ~[na:na]
	at java.base/java.util.concurrent.ThreadPoolExecutor.runWorker(ThreadPoolExecutor.java:1136) ~[na:na]
	at java.base/java.util.concurrent.ThreadPoolExecutor$Worker.run(ThreadPoolExecutor.java:635) ~[na:na]
	at java.base/java.lang.Thread.run(Thread.java:842) ~[na:na]

2026-07-09T12:25:03.979+05:30 DEBUG 7336 --- [01-Sb-Logging-App] [RMI TCP Connection(2)-127.0.0.1] sun.rmi.transport.tcp                    : RMI TCP Connection(2)-127.0.0.1: (port 22336) op = 82
2026-07-09T12:25:03.981+05:30 DEBUG 7336 --- [01-Sb-Logging-App] [RMI TCP Connection(2)-127.0.0.1] sun.rmi.transport.tcp                    : RMI TCP Connection(2)-127.0.0.1: (port 22336) op = 80
2026-07-09T12:25:03.982+05:30 DEBUG 7336 --- [01-Sb-Logging-App] [RMI TCP Connection(2)-127.0.0.1] sun.rmi.loader                           : RMI TCP Connection(2)-127.0.0.1: name = "javax.management.ObjectName", codebase = ""
2026-07-09T12:25:03.983+05:30 DEBUG 7336 --- [01-Sb-Logging-App] [RMI TCP Connection(2)-127.0.0.1] javax.management.remote.rmi              : connectionId=rmi://127.0.0.1  1, name=org.springframework.boot:type=Admin,name=SpringApplication, attribute=Ready
2026-07-09T12:25:03.984+05:30 DEBUG 7336 --- [01-Sb-Logging-App] [RMI TCP Connection(2)-127.0.0.1] sun.rmi.server.call                      : RMI TCP Connection(2)-127.0.0.1: [127.0.0.1] exception: 

javax.management.InstanceNotFoundException: org.springframework.boot:type=Admin,name=SpringApplication
	at java.management/com.sun.jmx.interceptor.DefaultMBeanServerInterceptor.getMBean(DefaultMBeanServerInterceptor.java:1088) ~[na:na]
	at java.management/com.sun.jmx.interceptor.DefaultMBeanServerInterceptor.getAttribute(DefaultMBeanServerInterceptor.java:640) ~[na:na]
	at java.management/com.sun.jmx.mbeanserver.JmxMBeanServer.getAttribute(JmxMBeanServer.java:679) ~[na:na]
	at java.management.rmi/javax.management.remote.rmi.RMIConnectionImpl.doOperation(RMIConnectionImpl.java:1449) ~[na:na]
	at java.management.rmi/javax.management.remote.rmi.RMIConnectionImpl$PrivilegedOperation.run(RMIConnectionImpl.java:1310) ~[na:na]
	at java.management.rmi/javax.management.remote.rmi.RMIConnectionImpl.doPrivilegedOperation(RMIConnectionImpl.java:1405) ~[na:na]
	at java.management.rmi/javax.management.remote.rmi.RMIConnectionImpl.getAttribute(RMIConnectionImpl.java:639) ~[na:na]
	at java.base/jdk.internal.reflect.NativeMethodAccessorImpl.invoke0(Native Method) ~[na:na]
	at java.base/jdk.internal.reflect.NativeMethodAccessorImpl.invoke(NativeMethodAccessorImpl.java:77) ~[na:na]
	at java.base/jdk.internal.reflect.DelegatingMethodAccessorImpl.invoke(DelegatingMethodAccessorImpl.java:43) ~[na:na]
	at java.base/java.lang.reflect.Method.invoke(Method.java:568) ~[na:na]
	at java.rmi/sun.rmi.server.UnicastServerRef.dispatch(UnicastServerRef.java:360) ~[na:na]
	at java.rmi/sun.rmi.transport.Transport$1.run(Transport.java:200) ~[na:na]
	at java.rmi/sun.rmi.transport.Transport$1.run(Transport.java:197) ~[na:na]
	at java.base/java.security.AccessController.doPrivileged(AccessController.java:712) ~[na:na]
	at java.rmi/sun.rmi.transport.Transport.serviceCall(Transport.java:196) ~[na:na]
	at java.rmi/sun.rmi.transport.tcp.TCPTransport.handleMessages(TCPTransport.java:587) ~[na:na]
	at java.rmi/sun.rmi.transport.tcp.TCPTransport$ConnectionHandler.run0(TCPTransport.java:828) ~[na:na]
	at java.rmi/sun.rmi.transport.tcp.TCPTransport$ConnectionHandler.lambda$run$0(TCPTransport.java:705) ~[na:na]
	at java.base/java.security.AccessController.doPrivileged(AccessController.java:399) ~[na:na]
	at java.rmi/sun.rmi.transport.tcp.TCPTransport$ConnectionHandler.run(TCPTransport.java:704) ~[na:na]
	at java.base/java.util.concurrent.ThreadPoolExecutor.runWorker(ThreadPoolExecutor.java:1136) ~[na:na]
	at java.base/java.util.concurrent.ThreadPoolExecutor$Worker.run(ThreadPoolExecutor.java:635) ~[na:na]
	at java.base/java.lang.Thread.run(Thread.java:842) ~[na:na]

2026-07-09T12:25:04.201+05:30 DEBUG 7336 --- [01-Sb-Logging-App] [restartedMain] o.s.b.f.s.DefaultListableBeanFactory     : Creating shared instance of singleton bean 'propertySourcesPlaceholderConfigurer'
2026-07-09T12:25:04.220+05:30 DEBUG 7336 --- [01-Sb-Logging-App] [restartedMain] o.s.b.f.s.DefaultListableBeanFactory     : Creating shared instance of singleton bean 'org.springframework.context.event.internalEventListenerProcessor'
2026-07-09T12:25:04.223+05:30 DEBUG 7336 --- [01-Sb-Logging-App] [restartedMain] o.s.b.f.s.DefaultListableBeanFactory     : Creating shared instance of singleton bean 'bootstrapExecutorAliasPostProcessor'
2026-07-09T12:25:04.225+05:30 DEBUG 7336 --- [01-Sb-Logging-App] [restartedMain] o.s.b.f.s.DefaultListableBeanFactory     : Creating shared instance of singleton bean 'preserveErrorControllerTargetClassPostProcessor'
2026-07-09T12:25:04.226+05:30 DEBUG 7336 --- [01-Sb-Logging-App] [restartedMain] o.s.b.f.s.DefaultListableBeanFactory     : Creating shared instance of singleton bean 'forceAutoProxyCreatorToUseClassProxying'
2026-07-09T12:25:04.228+05:30 DEBUG 7336 --- [01-Sb-Logging-App] [restartedMain] o.s.b.f.s.DefaultListableBeanFactory     : Creating shared instance of singleton bean 'org.springframework.context.event.internalEventListenerFactory'
2026-07-09T12:25:04.241+05:30 DEBUG 7336 --- [01-Sb-Logging-App] [restartedMain] o.s.b.f.s.DefaultListableBeanFactory     : Creating shared instance of singleton bean 'org.springframework.context.annotation.internalAutowiredAnnotationProcessor'
2026-07-09T12:25:04.245+05:30 DEBUG 7336 --- [01-Sb-Logging-App] [restartedMain] o.s.b.f.s.DefaultListableBeanFactory     : Creating shared instance of singleton bean 'org.springframework.context.annotation.internalCommonAnnotationProcessor'
2026-07-09T12:25:04.253+05:30 DEBUG 7336 --- [01-Sb-Logging-App] [restartedMain] o.s.b.f.s.DefaultListableBeanFactory     : Creating shared instance of singleton bean 'org.springframework.boot.context.properties.ConfigurationPropertiesBindingPostProcessor'
2026-07-09T12:25:04.255+05:30 DEBUG 7336 --- [01-Sb-Logging-App] [restartedMain] o.s.b.f.s.DefaultListableBeanFactory     : Creating shared instance of singleton bean 'org.springframework.boot.context.internalConfigurationPropertiesBinder'
2026-07-09T12:25:04.263+05:30 DEBUG 7336 --- [01-Sb-Logging-App] [restartedMain] o.s.b.f.s.DefaultListableBeanFactory     : Creating shared instance of singleton bean 'org.springframework.aop.config.internalAutoProxyCreator'
2026-07-09T12:25:04.290+05:30 DEBUG 7336 --- [01-Sb-Logging-App] [restartedMain] o.s.b.f.s.DefaultListableBeanFactory     : Creating shared instance of singleton bean 'org.springframework.aop.framework.autoproxy.defaultProxyConfig'
2026-07-09T12:25:04.292+05:30 DEBUG 7336 --- [01-Sb-Logging-App] [restartedMain] o.s.b.f.s.DefaultListableBeanFactory     : Creating shared instance of singleton bean 'webServerFactoryCustomizerBeanPostProcessor'
2026-07-09T12:25:04.294+05:30 DEBUG 7336 --- [01-Sb-Logging-App] [restartedMain] o.s.b.f.s.DefaultListableBeanFactory     : Creating shared instance of singleton bean 'errorPageRegistrarBeanPostProcessor'
2026-07-09T12:25:04.300+05:30 DEBUG 7336 --- [01-Sb-Logging-App] [restartedMain] o.s.b.f.s.DefaultListableBeanFactory     : Creating shared instance of singleton bean 'tomcatServletWebServerFactory'
2026-07-09T12:25:04.306+05:30 DEBUG 7336 --- [01-Sb-Logging-App] [restartedMain] o.s.b.f.s.DefaultListableBeanFactory     : Creating shared instance of singleton bean 'org.springframework.boot.tomcat.autoconfigure.servlet.TomcatServletWebServerAutoConfiguration'
2026-07-09T12:25:04.317+05:30 DEBUG 7336 --- [01-Sb-Logging-App] [restartedMain] o.s.b.f.s.DefaultListableBeanFactory     : Creating shared instance of singleton bean 'server.tomcat-org.springframework.boot.tomcat.autoconfigure.TomcatServerProperties'
2026-07-09T12:25:04.322+05:30 DEBUG 7336 --- [01-Sb-Logging-App] [restartedMain] o.s.b.f.s.DefaultListableBeanFactory     : Creating shared instance of singleton bean 'org.springframework.boot.context.properties.BoundConfigurationProperties'
2026-07-09T12:25:04.355+05:30 DEBUG 7336 --- [01-Sb-Logging-App] [restartedMain] o.s.b.f.s.DefaultListableBeanFactory     : Autowiring by type from bean name 'org.springframework.boot.tomcat.autoconfigure.servlet.TomcatServletWebServerAutoConfiguration' via constructor to bean named 'server.tomcat-org.springframework.boot.tomcat.autoconfigure.TomcatServerProperties'
2026-07-09T12:25:04.415+05:30 DEBUG 7336 --- [01-Sb-Logging-App] [restartedMain] o.s.b.f.s.DefaultListableBeanFactory     : Creating shared instance of singleton bean 'servletWebServerFactoryCustomizer'
2026-07-09T12:25:04.416+05:30 DEBUG 7336 --- [01-Sb-Logging-App] [restartedMain] o.s.b.f.s.DefaultListableBeanFactory     : Creating shared instance of singleton bean 'org.springframework.boot.web.server.autoconfigure.servlet.ServletWebServerConfiguration'
2026-07-09T12:25:04.419+05:30 DEBUG 7336 --- [01-Sb-Logging-App] [restartedMain] o.s.b.f.s.DefaultListableBeanFactory     : Creating shared instance of singleton bean 'server-org.springframework.boot.web.server.autoconfigure.ServerProperties'
2026-07-09T12:25:04.443+05:30 DEBUG 7336 --- [01-Sb-Logging-App] [restartedMain] o.s.b.f.s.DefaultListableBeanFactory     : Autowiring by type from bean name 'servletWebServerFactoryCustomizer' via factory method to bean named 'server-org.springframework.boot.web.server.autoconfigure.ServerProperties'
2026-07-09T12:25:04.447+05:30 DEBUG 7336 --- [01-Sb-Logging-App] [restartedMain] o.s.b.f.s.DefaultListableBeanFactory     : Creating shared instance of singleton bean 'sslBundleRegistry'
2026-07-09T12:25:04.448+05:30 DEBUG 7336 --- [01-Sb-Logging-App] [restartedMain] o.s.b.f.s.DefaultListableBeanFactory     : Creating shared instance of singleton bean 'org.springframework.boot.autoconfigure.ssl.SslAutoConfiguration'
2026-07-09T12:25:04.449+05:30 DEBUG 7336 --- [01-Sb-Logging-App] [restartedMain] o.s.b.f.s.DefaultListableBeanFactory     : Creating shared instance of singleton bean 'spring.ssl-org.springframework.boot.autoconfigure.ssl.SslProperties'
2026-07-09T12:25:04.451+05:30 DEBUG 7336 --- [01-Sb-Logging-App] [restartedMain] o.s.b.f.s.DefaultListableBeanFactory     : Autowiring by type from bean name 'org.springframework.boot.autoconfigure.ssl.SslAutoConfiguration' via constructor to bean named 'org.springframework.boot.web.server.servlet.context.AnnotationConfigServletWebServerApplicationContext@37016b5c'
2026-07-09T12:25:04.452+05:30 DEBUG 7336 --- [01-Sb-Logging-App] [restartedMain] o.s.b.f.s.DefaultListableBeanFactory     : Autowiring by type from bean name 'org.springframework.boot.autoconfigure.ssl.SslAutoConfiguration' via constructor to bean named 'spring.ssl-org.springframework.boot.autoconfigure.ssl.SslProperties'
2026-07-09T12:25:04.459+05:30 DEBUG 7336 --- [01-Sb-Logging-App] [restartedMain] o.s.b.f.s.DefaultListableBeanFactory     : Creating shared instance of singleton bean 'sslPropertiesSslBundleRegistrar'
2026-07-09T12:25:04.459+05:30 DEBUG 7336 --- [01-Sb-Logging-App] [restartedMain] o.s.b.f.s.DefaultListableBeanFactory     : Creating shared instance of singleton bean 'fileWatcher'
2026-07-09T12:25:04.462+05:30 DEBUG 7336 --- [01-Sb-Logging-App] [restartedMain] o.s.b.f.s.DefaultListableBeanFactory     : Autowiring by type from bean name 'sslPropertiesSslBundleRegistrar' via factory method to bean named 'fileWatcher'
2026-07-09T12:25:04.472+05:30 DEBUG 7336 --- [01-Sb-Logging-App] [restartedMain] o.s.b.f.s.DefaultListableBeanFactory     : Creating shared instance of singleton bean 'webSocketWebServerCustomizer'
2026-07-09T12:25:04.473+05:30 DEBUG 7336 --- [01-Sb-Logging-App] [restartedMain] o.s.b.f.s.DefaultListableBeanFactory     : Creating shared instance of singleton bean 'org.springframework.boot.tomcat.autoconfigure.TomcatWebServerConfiguration$TomcatWebSocketConfiguration'
2026-07-09T12:25:04.475+05:30 DEBUG 7336 --- [01-Sb-Logging-App] [restartedMain] o.s.b.f.s.DefaultListableBeanFactory     : Creating shared instance of singleton bean 'tomcatWebServerFactoryCustomizer'
2026-07-09T12:25:04.475+05:30 DEBUG 7336 --- [01-Sb-Logging-App] [restartedMain] o.s.b.f.s.DefaultListableBeanFactory     : Creating shared instance of singleton bean 'org.springframework.boot.tomcat.autoconfigure.TomcatWebServerConfiguration'
2026-07-09T12:25:04.481+05:30 DEBUG 7336 --- [01-Sb-Logging-App] [restartedMain] o.s.b.f.s.DefaultListableBeanFactory     : Creating shared instance of singleton bean 'spring.web-org.springframework.boot.autoconfigure.web.WebProperties'
2026-07-09T12:25:04.488+05:30 DEBUG 7336 --- [01-Sb-Logging-App] [RMI TCP Connection(2)-127.0.0.1] sun.rmi.transport.tcp                    : RMI TCP Connection(2)-127.0.0.1: (port 22336) op = 82
2026-07-09T12:25:04.490+05:30 DEBUG 7336 --- [01-Sb-Logging-App] [RMI TCP Connection(2)-127.0.0.1] sun.rmi.transport.tcp                    : RMI TCP Connection(2)-127.0.0.1: (port 22336) op = 80
2026-07-09T12:25:04.491+05:30 DEBUG 7336 --- [01-Sb-Logging-App] [RMI TCP Connection(2)-127.0.0.1] sun.rmi.loader                           : RMI TCP Connection(2)-127.0.0.1: name = "javax.management.ObjectName", codebase = ""
2026-07-09T12:25:04.492+05:30 DEBUG 7336 --- [01-Sb-Logging-App] [RMI TCP Connection(2)-127.0.0.1] javax.management.remote.rmi              : connectionId=rmi://127.0.0.1  1, name=org.springframework.boot:type=Admin,name=SpringApplication, attribute=Ready
2026-07-09T12:25:04.493+05:30 DEBUG 7336 --- [01-Sb-Logging-App] [RMI TCP Connection(2)-127.0.0.1] sun.rmi.server.call                      : RMI TCP Connection(2)-127.0.0.1: [127.0.0.1] exception: 

javax.management.InstanceNotFoundException: org.springframework.boot:type=Admin,name=SpringApplication
	at java.management/com.sun.jmx.interceptor.DefaultMBeanServerInterceptor.getMBean(DefaultMBeanServerInterceptor.java:1088) ~[na:na]
	at java.management/com.sun.jmx.interceptor.DefaultMBeanServerInterceptor.getAttribute(DefaultMBeanServerInterceptor.java:640) ~[na:na]
	at java.management/com.sun.jmx.mbeanserver.JmxMBeanServer.getAttribute(JmxMBeanServer.java:679) ~[na:na]
	at java.management.rmi/javax.management.remote.rmi.RMIConnectionImpl.doOperation(RMIConnectionImpl.java:1449) ~[na:na]
	at java.management.rmi/javax.management.remote.rmi.RMIConnectionImpl$PrivilegedOperation.run(RMIConnectionImpl.java:1310) ~[na:na]
	at java.management.rmi/javax.management.remote.rmi.RMIConnectionImpl.doPrivilegedOperation(RMIConnectionImpl.java:1405) ~[na:na]
	at java.management.rmi/javax.management.remote.rmi.RMIConnectionImpl.getAttribute(RMIConnectionImpl.java:639) ~[na:na]
	at java.base/jdk.internal.reflect.NativeMethodAccessorImpl.invoke0(Native Method) ~[na:na]
	at java.base/jdk.internal.reflect.NativeMethodAccessorImpl.invoke(NativeMethodAccessorImpl.java:77) ~[na:na]
	at java.base/jdk.internal.reflect.DelegatingMethodAccessorImpl.invoke(DelegatingMethodAccessorImpl.java:43) ~[na:na]
	at java.base/java.lang.reflect.Method.invoke(Method.java:568) ~[na:na]
	at java.rmi/sun.rmi.server.UnicastServerRef.dispatch(UnicastServerRef.java:360) ~[na:na]
	at java.rmi/sun.rmi.transport.Transport$1.run(Transport.java:200) ~[na:na]
	at java.rmi/sun.rmi.transport.Transport$1.run(Transport.java:197) ~[na:na]
	at java.base/java.security.AccessController.doPrivileged(AccessController.java:712) ~[na:na]
	at java.rmi/sun.rmi.transport.Transport.serviceCall(Transport.java:196) ~[na:na]
	at java.rmi/sun.rmi.transport.tcp.TCPTransport.handleMessages(TCPTransport.java:587) ~[na:na]
	at java.rmi/sun.rmi.transport.tcp.TCPTransport$ConnectionHandler.run0(TCPTransport.java:828) ~[na:na]
	at java.rmi/sun.rmi.transport.tcp.TCPTransport$ConnectionHandler.lambda$run$0(TCPTransport.java:705) ~[na:na]
	at java.base/java.security.AccessController.doPrivileged(AccessController.java:399) ~[na:na]
	at java.rmi/sun.rmi.transport.tcp.TCPTransport$ConnectionHandler.run(TCPTransport.java:704) ~[na:na]
	at java.base/java.util.concurrent.ThreadPoolExecutor.runWorker(ThreadPoolExecutor.java:1136) ~[na:na]
	at java.base/java.util.concurrent.ThreadPoolExecutor$Worker.run(ThreadPoolExecutor.java:635) ~[na:na]
	at java.base/java.lang.Thread.run(Thread.java:842) ~[na:na]

2026-07-09T12:25:04.512+05:30 DEBUG 7336 --- [01-Sb-Logging-App] [restartedMain] o.s.b.f.s.DefaultListableBeanFactory     : Autowiring by type from bean name 'tomcatWebServerFactoryCustomizer' via factory method to bean named 'environment'
2026-07-09T12:25:04.513+05:30 DEBUG 7336 --- [01-Sb-Logging-App] [restartedMain] o.s.b.f.s.DefaultListableBeanFactory     : Autowiring by type from bean name 'tomcatWebServerFactoryCustomizer' via factory method to bean named 'server-org.springframework.boot.web.server.autoconfigure.ServerProperties'
2026-07-09T12:25:04.513+05:30 DEBUG 7336 --- [01-Sb-Logging-App] [restartedMain] o.s.b.f.s.DefaultListableBeanFactory     : Autowiring by type from bean name 'tomcatWebServerFactoryCustomizer' via factory method to bean named 'server.tomcat-org.springframework.boot.tomcat.autoconfigure.TomcatServerProperties'
2026-07-09T12:25:04.514+05:30 DEBUG 7336 --- [01-Sb-Logging-App] [restartedMain] o.s.b.f.s.DefaultListableBeanFactory     : Autowiring by type from bean name 'tomcatWebServerFactoryCustomizer' via factory method to bean named 'spring.web-org.springframework.boot.autoconfigure.web.WebProperties'
2026-07-09T12:25:04.516+05:30 DEBUG 7336 --- [01-Sb-Logging-App] [restartedMain] o.s.b.f.s.DefaultListableBeanFactory     : Creating shared instance of singleton bean 'tomcatServletWebServerFactoryCustomizer'
2026-07-09T12:25:04.518+05:30 DEBUG 7336 --- [01-Sb-Logging-App] [restartedMain] o.s.b.f.s.DefaultListableBeanFactory     : Autowiring by type from bean name 'tomcatServletWebServerFactoryCustomizer' via factory method to bean named 'server.tomcat-org.springframework.boot.tomcat.autoconfigure.TomcatServerProperties'
2026-07-09T12:25:04.571+05:30 DEBUG 7336 --- [01-Sb-Logging-App] [restartedMain] o.s.b.f.s.DefaultListableBeanFactory     : Creating shared instance of singleton bean 'errorPageCustomizer'
2026-07-09T12:25:04.571+05:30 DEBUG 7336 --- [01-Sb-Logging-App] [restartedMain] o.s.b.f.s.DefaultListableBeanFactory     : Creating shared instance of singleton bean 'org.springframework.boot.webmvc.autoconfigure.error.ErrorMvcAutoConfiguration'
2026-07-09T12:25:04.573+05:30 DEBUG 7336 --- [01-Sb-Logging-App] [restartedMain] o.s.b.f.s.DefaultListableBeanFactory     : Autowiring by type from bean name 'org.springframework.boot.webmvc.autoconfigure.error.ErrorMvcAutoConfiguration' via constructor to bean named 'spring.web-org.springframework.boot.autoconfigure.web.WebProperties'
2026-07-09T12:25:04.574+05:30 DEBUG 7336 --- [01-Sb-Logging-App] [restartedMain] o.s.b.f.s.DefaultListableBeanFactory     : Creating shared instance of singleton bean 'dispatcherServletRegistration'
2026-07-09T12:25:04.575+05:30 DEBUG 7336 --- [01-Sb-Logging-App] [restartedMain] o.s.b.f.s.DefaultListableBeanFactory     : Creating shared instance of singleton bean 'org.springframework.boot.webmvc.autoconfigure.DispatcherServletAutoConfiguration$DispatcherServletRegistrationConfiguration'
2026-07-09T12:25:04.576+05:30 DEBUG 7336 --- [01-Sb-Logging-App] [restartedMain] o.s.b.f.s.DefaultListableBeanFactory     : Creating shared instance of singleton bean 'dispatcherServlet'
2026-07-09T12:25:04.578+05:30 DEBUG 7336 --- [01-Sb-Logging-App] [restartedMain] o.s.b.f.s.DefaultListableBeanFactory     : Creating shared instance of singleton bean 'org.springframework.boot.webmvc.autoconfigure.DispatcherServletAutoConfiguration$DispatcherServletConfiguration'
2026-07-09T12:25:04.582+05:30 DEBUG 7336 --- [01-Sb-Logging-App] [restartedMain] o.s.b.f.s.DefaultListableBeanFactory     : Creating shared instance of singleton bean 'spring.mvc-org.springframework.boot.webmvc.autoconfigure.WebMvcProperties'
2026-07-09T12:25:04.592+05:30 DEBUG 7336 --- [01-Sb-Logging-App] [restartedMain] o.s.b.f.s.DefaultListableBeanFactory     : Autowiring by type from bean name 'dispatcherServlet' via factory method to bean named 'spring.mvc-org.springframework.boot.webmvc.autoconfigure.WebMvcProperties'
2026-07-09T12:25:04.614+05:30 DEBUG 7336 --- [01-Sb-Logging-App] [restartedMain] o.s.b.f.s.DefaultListableBeanFactory     : Autowiring by type from bean name 'dispatcherServletRegistration' via factory method to bean named 'dispatcherServlet'
2026-07-09T12:25:04.614+05:30 DEBUG 7336 --- [01-Sb-Logging-App] [restartedMain] o.s.b.f.s.DefaultListableBeanFactory     : Autowiring by type from bean name 'dispatcherServletRegistration' via factory method to bean named 'spring.mvc-org.springframework.boot.webmvc.autoconfigure.WebMvcProperties'
2026-07-09T12:25:04.617+05:30 DEBUG 7336 --- [01-Sb-Logging-App] [restartedMain] o.s.b.f.s.DefaultListableBeanFactory     : Creating shared instance of singleton bean 'multipartConfigElement'
2026-07-09T12:25:04.618+05:30 DEBUG 7336 --- [01-Sb-Logging-App] [restartedMain] o.s.b.f.s.DefaultListableBeanFactory     : Creating shared instance of singleton bean 'org.springframework.boot.servlet.autoconfigure.MultipartAutoConfiguration'
2026-07-09T12:25:04.619+05:30 DEBUG 7336 --- [01-Sb-Logging-App] [restartedMain] o.s.b.f.s.DefaultListableBeanFactory     : Creating shared instance of singleton bean 'spring.servlet.multipart-org.springframework.boot.servlet.autoconfigure.MultipartProperties'
2026-07-09T12:25:04.624+05:30 DEBUG 7336 --- [01-Sb-Logging-App] [restartedMain] o.s.b.f.s.DefaultListableBeanFactory     : Autowiring by type from bean name 'org.springframework.boot.servlet.autoconfigure.MultipartAutoConfiguration' via constructor to bean named 'spring.servlet.multipart-org.springframework.boot.servlet.autoconfigure.MultipartProperties'
2026-07-09T12:25:04.632+05:30 DEBUG 7336 --- [01-Sb-Logging-App] [restartedMain] o.s.b.f.s.DefaultListableBeanFactory     : Autowiring by type from bean name 'errorPageCustomizer' via factory method to bean named 'dispatcherServletRegistration'
2026-07-09T12:25:04.669+05:30 DEBUG 7336 --- [01-Sb-Logging-App] [restartedMain] o.apache.tomcat.util.compat.Jre19Compat  : null

java.lang.ClassNotFoundException: java.lang.WrongThreadException
	at java.base/jdk.internal.loader.BuiltinClassLoader.loadClass(BuiltinClassLoader.java:641) ~[na:na]
	at java.base/jdk.internal.loader.ClassLoaders$AppClassLoader.loadClass(ClassLoaders.java:188) ~[na:na]
	at java.base/java.lang.ClassLoader.loadClass(ClassLoader.java:520) ~[na:na]
	at java.base/java.lang.Class.forName0(Native Method) ~[na:na]
	at java.base/java.lang.Class.forName(Class.java:375) ~[na:na]
	at org.apache.tomcat.util.compat.Jre19Compat.<clinit>(Jre19Compat.java:37) ~[tomcat-embed-core-11.0.22.jar:11.0.22]
	at org.apache.tomcat.util.compat.JreCompat.<clinit>(JreCompat.java:74) ~[tomcat-embed-core-11.0.22.jar:11.0.22]
	at org.apache.catalina.startup.Tomcat.<clinit>(Tomcat.java:1195) ~[tomcat-embed-core-11.0.22.jar:11.0.22]
	at org.springframework.boot.tomcat.TomcatWebServerFactory.createTomcat(TomcatWebServerFactory.java:393) ~[spring-boot-tomcat-4.1.0.jar:4.1.0]
	at org.springframework.boot.tomcat.servlet.TomcatServletWebServerFactory.getWebServer(TomcatServletWebServerFactory.java:165) ~[spring-boot-tomcat-4.1.0.jar:4.1.0]
	at org.springframework.boot.web.server.servlet.context.ServletWebServerApplicationContext.createWebServer(ServletWebServerApplicationContext.java:190) ~[spring-boot-web-server-4.1.0.jar:4.1.0]
	at org.springframework.boot.web.server.servlet.context.ServletWebServerApplicationContext.onRefresh(ServletWebServerApplicationContext.java:164) ~[spring-boot-web-server-4.1.0.jar:4.1.0]
	at org.springframework.context.support.AbstractApplicationContext.refresh(AbstractApplicationContext.java:615) ~[spring-context-7.0.8.jar:7.0.8]
	at org.springframework.boot.web.server.servlet.context.ServletWebServerApplicationContext.refresh(ServletWebServerApplicationContext.java:143) ~[spring-boot-web-server-4.1.0.jar:4.1.0]
	at org.springframework.boot.SpringApplication.refresh(SpringApplication.java:756) ~[spring-boot-4.1.0.jar:4.1.0]
	at org.springframework.boot.SpringApplication.refreshContext(SpringApplication.java:445) ~[spring-boot-4.1.0.jar:4.1.0]
	at org.springframework.boot.SpringApplication.run(SpringApplication.java:321) ~[spring-boot-4.1.0.jar:4.1.0]
	at org.springframework.boot.SpringApplication.run(SpringApplication.java:1365) ~[spring-boot-4.1.0.jar:4.1.0]
	at org.springframework.boot.SpringApplication.run(SpringApplication.java:1354) ~[spring-boot-4.1.0.jar:4.1.0]
	at com.example.Application.main(Application.java:10) ~[classes/:na]
	at java.base/jdk.internal.reflect.NativeMethodAccessorImpl.invoke0(Native Method) ~[na:na]
	at java.base/jdk.internal.reflect.NativeMethodAccessorImpl.invoke(NativeMethodAccessorImpl.java:77) ~[na:na]
	at java.base/jdk.internal.reflect.DelegatingMethodAccessorImpl.invoke(DelegatingMethodAccessorImpl.java:43) ~[na:na]
	at java.base/java.lang.reflect.Method.invoke(Method.java:568) ~[na:na]
	at org.springframework.boot.devtools.restart.RestartLauncher.run(RestartLauncher.java:52) ~[spring-boot-devtools-4.1.0.jar:4.1.0]

2026-07-09T12:25:04.672+05:30 DEBUG 7336 --- [01-Sb-Logging-App] [restartedMain] o.apache.tomcat.util.compat.Jre20Compat  : null

java.lang.NoSuchMethodException: javax.net.ssl.SSLParameters.setNamedGroups([Ljava.lang.String;)
	at java.base/java.lang.Class.getMethod(Class.java:2227) ~[na:na]
	at org.apache.tomcat.util.compat.Jre20Compat.<clinit>(Jre20Compat.java:41) ~[tomcat-embed-core-11.0.22.jar:11.0.22]
	at org.apache.tomcat.util.compat.JreCompat.<clinit>(JreCompat.java:74) ~[tomcat-embed-core-11.0.22.jar:11.0.22]
	at org.apache.catalina.startup.Tomcat.<clinit>(Tomcat.java:1195) ~[tomcat-embed-core-11.0.22.jar:11.0.22]
	at org.springframework.boot.tomcat.TomcatWebServerFactory.createTomcat(TomcatWebServerFactory.java:393) ~[spring-boot-tomcat-4.1.0.jar:4.1.0]
	at org.springframework.boot.tomcat.servlet.TomcatServletWebServerFactory.getWebServer(TomcatServletWebServerFactory.java:165) ~[spring-boot-tomcat-4.1.0.jar:4.1.0]
	at org.springframework.boot.web.server.servlet.context.ServletWebServerApplicationContext.createWebServer(ServletWebServerApplicationContext.java:190) ~[spring-boot-web-server-4.1.0.jar:4.1.0]
	at org.springframework.boot.web.server.servlet.context.ServletWebServerApplicationContext.onRefresh(ServletWebServerApplicationContext.java:164) ~[spring-boot-web-server-4.1.0.jar:4.1.0]
	at org.springframework.context.support.AbstractApplicationContext.refresh(AbstractApplicationContext.java:615) ~[spring-context-7.0.8.jar:7.0.8]
	at org.springframework.boot.web.server.servlet.context.ServletWebServerApplicationContext.refresh(ServletWebServerApplicationContext.java:143) ~[spring-boot-web-server-4.1.0.jar:4.1.0]
	at org.springframework.boot.SpringApplication.refresh(SpringApplication.java:756) ~[spring-boot-4.1.0.jar:4.1.0]
	at org.springframework.boot.SpringApplication.refreshContext(SpringApplication.java:445) ~[spring-boot-4.1.0.jar:4.1.0]
	at org.springframework.boot.SpringApplication.run(SpringApplication.java:321) ~[spring-boot-4.1.0.jar:4.1.0]
	at org.springframework.boot.SpringApplication.run(SpringApplication.java:1365) ~[spring-boot-4.1.0.jar:4.1.0]
	at org.springframework.boot.SpringApplication.run(SpringApplication.java:1354) ~[spring-boot-4.1.0.jar:4.1.0]
	at com.example.Application.main(Application.java:10) ~[classes/:na]
	at java.base/jdk.internal.reflect.NativeMethodAccessorImpl.invoke0(Native Method) ~[na:na]
	at java.base/jdk.internal.reflect.NativeMethodAccessorImpl.invoke(NativeMethodAccessorImpl.java:77) ~[na:na]
	at java.base/jdk.internal.reflect.DelegatingMethodAccessorImpl.invoke(DelegatingMethodAccessorImpl.java:43) ~[na:na]
	at java.base/java.lang.reflect.Method.invoke(Method.java:568) ~[na:na]
	at org.springframework.boot.devtools.restart.RestartLauncher.run(RestartLauncher.java:52) ~[spring-boot-devtools-4.1.0.jar:4.1.0]

2026-07-09T12:25:04.675+05:30 DEBUG 7336 --- [01-Sb-Logging-App] [restartedMain] o.apache.tomcat.util.compat.Jre21Compat  : null

java.lang.ClassNotFoundException: java.util.SequencedCollection
	at java.base/jdk.internal.loader.BuiltinClassLoader.loadClass(BuiltinClassLoader.java:641) ~[na:na]
	at java.base/jdk.internal.loader.ClassLoaders$AppClassLoader.loadClass(ClassLoaders.java:188) ~[na:na]
	at java.base/java.lang.ClassLoader.loadClass(ClassLoader.java:520) ~[na:na]
	at java.base/java.lang.Class.forName0(Native Method) ~[na:na]
	at java.base/java.lang.Class.forName(Class.java:375) ~[na:na]
	at org.apache.tomcat.util.compat.Jre21Compat.<clinit>(Jre21Compat.java:53) ~[tomcat-embed-core-11.0.22.jar:11.0.22]
	at org.apache.tomcat.util.compat.JreCompat.<clinit>(JreCompat.java:74) ~[tomcat-embed-core-11.0.22.jar:11.0.22]
	at org.apache.catalina.startup.Tomcat.<clinit>(Tomcat.java:1195) ~[tomcat-embed-core-11.0.22.jar:11.0.22]
	at org.springframework.boot.tomcat.TomcatWebServerFactory.createTomcat(TomcatWebServerFactory.java:393) ~[spring-boot-tomcat-4.1.0.jar:4.1.0]
	at org.springframework.boot.tomcat.servlet.TomcatServletWebServerFactory.getWebServer(TomcatServletWebServerFactory.java:165) ~[spring-boot-tomcat-4.1.0.jar:4.1.0]
	at org.springframework.boot.web.server.servlet.context.ServletWebServerApplicationContext.createWebServer(ServletWebServerApplicationContext.java:190) ~[spring-boot-web-server-4.1.0.jar:4.1.0]
	at org.springframework.boot.web.server.servlet.context.ServletWebServerApplicationContext.onRefresh(ServletWebServerApplicationContext.java:164) ~[spring-boot-web-server-4.1.0.jar:4.1.0]
	at org.springframework.context.support.AbstractApplicationContext.refresh(AbstractApplicationContext.java:615) ~[spring-context-7.0.8.jar:7.0.8]
	at org.springframework.boot.web.server.servlet.context.ServletWebServerApplicationContext.refresh(ServletWebServerApplicationContext.java:143) ~[spring-boot-web-server-4.1.0.jar:4.1.0]
	at org.springframework.boot.SpringApplication.refresh(SpringApplication.java:756) ~[spring-boot-4.1.0.jar:4.1.0]
	at org.springframework.boot.SpringApplication.refreshContext(SpringApplication.java:445) ~[spring-boot-4.1.0.jar:4.1.0]
	at org.springframework.boot.SpringApplication.run(SpringApplication.java:321) ~[spring-boot-4.1.0.jar:4.1.0]
	at org.springframework.boot.SpringApplication.run(SpringApplication.java:1365) ~[spring-boot-4.1.0.jar:4.1.0]
	at org.springframework.boot.SpringApplication.run(SpringApplication.java:1354) ~[spring-boot-4.1.0.jar:4.1.0]
	at com.example.Application.main(Application.java:10) ~[classes/:na]
	at java.base/jdk.internal.reflect.NativeMethodAccessorImpl.invoke0(Native Method) ~[na:na]
	at java.base/jdk.internal.reflect.NativeMethodAccessorImpl.invoke(NativeMethodAccessorImpl.java:77) ~[na:na]
	at java.base/jdk.internal.reflect.DelegatingMethodAccessorImpl.invoke(DelegatingMethodAccessorImpl.java:43) ~[na:na]
	at java.base/java.lang.reflect.Method.invoke(Method.java:568) ~[na:na]
	at org.springframework.boot.devtools.restart.RestartLauncher.run(RestartLauncher.java:52) ~[spring-boot-devtools-4.1.0.jar:4.1.0]

2026-07-09T12:25:04.678+05:30 DEBUG 7336 --- [01-Sb-Logging-App] [restartedMain] o.apache.tomcat.util.compat.Jre22Compat  : Class not found so assuming code is running on a pre-Java 22 JVM

java.lang.ClassNotFoundException: java.text.ListFormat
	at java.base/jdk.internal.loader.BuiltinClassLoader.loadClass(BuiltinClassLoader.java:641) ~[na:na]
	at java.base/jdk.internal.loader.ClassLoaders$AppClassLoader.loadClass(ClassLoaders.java:188) ~[na:na]
	at java.base/java.lang.ClassLoader.loadClass(ClassLoader.java:520) ~[na:na]
	at java.base/java.lang.Class.forName0(Native Method) ~[na:na]
	at java.base/java.lang.Class.forName(Class.java:375) ~[na:na]
	at org.apache.tomcat.util.compat.Jre22Compat.<clinit>(Jre22Compat.java:37) ~[tomcat-embed-core-11.0.22.jar:11.0.22]
	at org.apache.tomcat.util.compat.JreCompat.<clinit>(JreCompat.java:74) ~[tomcat-embed-core-11.0.22.jar:11.0.22]
	at org.apache.catalina.startup.Tomcat.<clinit>(Tomcat.java:1195) ~[tomcat-embed-core-11.0.22.jar:11.0.22]
	at org.springframework.boot.tomcat.TomcatWebServerFactory.createTomcat(TomcatWebServerFactory.java:393) ~[spring-boot-tomcat-4.1.0.jar:4.1.0]
	at org.springframework.boot.tomcat.servlet.TomcatServletWebServerFactory.getWebServer(TomcatServletWebServerFactory.java:165) ~[spring-boot-tomcat-4.1.0.jar:4.1.0]
	at org.springframework.boot.web.server.servlet.context.ServletWebServerApplicationContext.createWebServer(ServletWebServerApplicationContext.java:190) ~[spring-boot-web-server-4.1.0.jar:4.1.0]
	at org.springframework.boot.web.server.servlet.context.ServletWebServerApplicationContext.onRefresh(ServletWebServerApplicationContext.java:164) ~[spring-boot-web-server-4.1.0.jar:4.1.0]
	at org.springframework.context.support.AbstractApplicationContext.refresh(AbstractApplicationContext.java:615) ~[spring-context-7.0.8.jar:7.0.8]
	at org.springframework.boot.web.server.servlet.context.ServletWebServerApplicationContext.refresh(ServletWebServerApplicationContext.java:143) ~[spring-boot-web-server-4.1.0.jar:4.1.0]
	at org.springframework.boot.SpringApplication.refresh(SpringApplication.java:756) ~[spring-boot-4.1.0.jar:4.1.0]
	at org.springframework.boot.SpringApplication.refreshContext(SpringApplication.java:445) ~[spring-boot-4.1.0.jar:4.1.0]
	at org.springframework.boot.SpringApplication.run(SpringApplication.java:321) ~[spring-boot-4.1.0.jar:4.1.0]
	at org.springframework.boot.SpringApplication.run(SpringApplication.java:1365) ~[spring-boot-4.1.0.jar:4.1.0]
	at org.springframework.boot.SpringApplication.run(SpringApplication.java:1354) ~[spring-boot-4.1.0.jar:4.1.0]
	at com.example.Application.main(Application.java:10) ~[classes/:na]
	at java.base/jdk.internal.reflect.NativeMethodAccessorImpl.invoke0(Native Method) ~[na:na]
	at java.base/jdk.internal.reflect.NativeMethodAccessorImpl.invoke(NativeMethodAccessorImpl.java:77) ~[na:na]
	at java.base/jdk.internal.reflect.DelegatingMethodAccessorImpl.invoke(DelegatingMethodAccessorImpl.java:43) ~[na:na]
	at java.base/java.lang.reflect.Method.invoke(Method.java:568) ~[na:na]
	at org.springframework.boot.devtools.restart.RestartLauncher.run(RestartLauncher.java:52) ~[spring-boot-devtools-4.1.0.jar:4.1.0]

2026-07-09T12:25:04.780+05:30 DEBUG 7336 --- [01-Sb-Logging-App] [restartedMain] org.apache.catalina.core.ContainerBase   : Add container child [StandardHost[localhost]] to container [StandardEngine[Tomcat]]
2026-07-09T12:25:04.782+05:30 DEBUG 7336 --- [01-Sb-Logging-App] [restartedMain] o.s.b.t.s.TomcatServletWebServerFactory  : Code archive: C:\Users\Admin\.m2\repository\org\springframework\boot\spring-boot-web-server\4.1.0\spring-boot-web-server-4.1.0.jar
2026-07-09T12:25:04.782+05:30 DEBUG 7336 --- [01-Sb-Logging-App] [restartedMain] o.s.b.t.s.TomcatServletWebServerFactory  : Code archive: C:\Users\Admin\.m2\repository\org\springframework\boot\spring-boot-web-server\4.1.0\spring-boot-web-server-4.1.0.jar
2026-07-09T12:25:04.783+05:30 DEBUG 7336 --- [01-Sb-Logging-App] [restartedMain] o.s.b.t.s.TomcatServletWebServerFactory  : None of the document roots [src/main/webapp, public, static] point to a directory and will be ignored.
2026-07-09T12:25:04.820+05:30 DEBUG 7336 --- [01-Sb-Logging-App] [restartedMain] org.apache.catalina.core.ContainerBase   : Add container child [TomcatEmbeddedContext[]] to container [StandardEngine[Tomcat].StandardHost[localhost]]
2026-07-09T12:25:04.864+05:30  INFO 7336 --- [01-Sb-Logging-App] [restartedMain] o.s.boot.tomcat.TomcatWebServer          : Tomcat initialized with port 8080 (http)
2026-07-09T12:25:04.890+05:30  INFO 7336 --- [01-Sb-Logging-App] [restartedMain] o.apache.catalina.core.StandardService   : Starting service [Tomcat]
2026-07-09T12:25:04.891+05:30  INFO 7336 --- [01-Sb-Logging-App] [restartedMain] o.apache.catalina.core.StandardEngine    : Starting Servlet engine: [Apache Tomcat/11.0.22]
2026-07-09T12:25:04.940+05:30 DEBUG 7336 --- [01-Sb-Logging-App] [restartedMain] o.apache.catalina.loader.WebappLoader    : Starting this Loader
2026-07-09T12:25:04.948+05:30 DEBUG 7336 --- [01-Sb-Logging-App] [restartedMain] org.apache.catalina.webresources.Cache   : Increased cache size by [531] for item [org.apache.catalina.webresources.CachedResource@3841c341] at [/WEB-INF/classes] making total cache size [531]
2026-07-09T12:25:04.970+05:30 DEBUG 7336 --- [01-Sb-Logging-App] [restartedMain] b.w.c.s.WebApplicationContextInitializer : Published root WebApplicationContext as ServletContext attribute with name [org.springframework.web.context.WebApplicationContext.ROOT]
2026-07-09T12:25:04.971+05:30  INFO 7336 --- [01-Sb-Logging-App] [restartedMain] b.w.c.s.WebApplicationContextInitializer : Root WebApplicationContext: initialization completed in 1815 ms
2026-07-09T12:25:04.984+05:30 DEBUG 7336 --- [01-Sb-Logging-App] [restartedMain] o.s.b.f.s.DefaultListableBeanFactory     : Creating shared instance of singleton bean 'requestContextFilter'
2026-07-09T12:25:04.987+05:30 DEBUG 7336 --- [01-Sb-Logging-App] [restartedMain] o.s.b.f.s.DefaultListableBeanFactory     : Creating shared instance of singleton bean 'formContentFilter'
2026-07-09T12:25:04.988+05:30 DEBUG 7336 --- [01-Sb-Logging-App] [restartedMain] o.s.b.f.s.DefaultListableBeanFactory     : Creating shared instance of singleton bean 'org.springframework.boot.webmvc.autoconfigure.WebMvcAutoConfiguration'
2026-07-09T12:25:04.992+05:30 DEBUG 7336 --- [01-Sb-Logging-App] [restartedMain] o.s.b.f.s.DefaultListableBeanFactory     : Creating shared instance of singleton bean 'characterEncodingFilter'
2026-07-09T12:25:04.992+05:30 DEBUG 7336 --- [01-Sb-Logging-App] [restartedMain] o.s.b.f.s.DefaultListableBeanFactory     : Creating shared instance of singleton bean 'org.springframework.boot.servlet.autoconfigure.HttpEncodingAutoConfiguration'
2026-07-09T12:25:04.995+05:30 DEBUG 7336 --- [01-Sb-Logging-App] [restartedMain] o.s.b.f.s.DefaultListableBeanFactory     : Creating shared instance of singleton bean 'spring.servlet.encoding-org.springframework.boot.servlet.autoconfigure.ServletEncodingProperties'
2026-07-09T12:25:04.998+05:30 DEBUG 7336 --- [01-Sb-Logging-App] [restartedMain] o.s.b.f.s.DefaultListableBeanFactory     : Autowiring by type from bean name 'characterEncodingFilter' via factory method to bean named 'spring.servlet.encoding-org.springframework.boot.servlet.autoconfigure.ServletEncodingProperties'
2026-07-09T12:25:04.998+05:30 DEBUG 7336 --- [01-Sb-Logging-App] [RMI TCP Connection(2)-127.0.0.1] sun.rmi.transport.tcp                    : RMI TCP Connection(2)-127.0.0.1: (port 22336) op = 82
2026-07-09T12:25:04.999+05:30 DEBUG 7336 --- [01-Sb-Logging-App] [RMI TCP Connection(2)-127.0.0.1] sun.rmi.transport.tcp                    : RMI TCP Connection(2)-127.0.0.1: (port 22336) op = 80
2026-07-09T12:25:04.999+05:30 DEBUG 7336 --- [01-Sb-Logging-App] [RMI TCP Connection(2)-127.0.0.1] sun.rmi.loader                           : RMI TCP Connection(2)-127.0.0.1: name = "javax.management.ObjectName", codebase = ""
2026-07-09T12:25:05.000+05:30 DEBUG 7336 --- [01-Sb-Logging-App] [RMI TCP Connection(2)-127.0.0.1] javax.management.remote.rmi              : connectionId=rmi://127.0.0.1  1, name=org.springframework.boot:type=Admin,name=SpringApplication, attribute=Ready
2026-07-09T12:25:05.000+05:30 DEBUG 7336 --- [01-Sb-Logging-App] [RMI TCP Connection(2)-127.0.0.1] sun.rmi.server.call                      : RMI TCP Connection(2)-127.0.0.1: [127.0.0.1] exception: 

javax.management.InstanceNotFoundException: org.springframework.boot:type=Admin,name=SpringApplication
	at java.management/com.sun.jmx.interceptor.DefaultMBeanServerInterceptor.getMBean(DefaultMBeanServerInterceptor.java:1088) ~[na:na]
	at java.management/com.sun.jmx.interceptor.DefaultMBeanServerInterceptor.getAttribute(DefaultMBeanServerInterceptor.java:640) ~[na:na]
	at java.management/com.sun.jmx.mbeanserver.JmxMBeanServer.getAttribute(JmxMBeanServer.java:679) ~[na:na]
	at java.management.rmi/javax.management.remote.rmi.RMIConnectionImpl.doOperation(RMIConnectionImpl.java:1449) ~[na:na]
	at java.management.rmi/javax.management.remote.rmi.RMIConnectionImpl$PrivilegedOperation.run(RMIConnectionImpl.java:1310) ~[na:na]
	at java.management.rmi/javax.management.remote.rmi.RMIConnectionImpl.doPrivilegedOperation(RMIConnectionImpl.java:1405) ~[na:na]
	at java.management.rmi/javax.management.remote.rmi.RMIConnectionImpl.getAttribute(RMIConnectionImpl.java:639) ~[na:na]
	at java.base/jdk.internal.reflect.NativeMethodAccessorImpl.invoke0(Native Method) ~[na:na]
	at java.base/jdk.internal.reflect.NativeMethodAccessorImpl.invoke(NativeMethodAccessorImpl.java:77) ~[na:na]
	at java.base/jdk.internal.reflect.DelegatingMethodAccessorImpl.invoke(DelegatingMethodAccessorImpl.java:43) ~[na:na]
	at java.base/java.lang.reflect.Method.invoke(Method.java:568) ~[na:na]
	at java.rmi/sun.rmi.server.UnicastServerRef.dispatch(UnicastServerRef.java:360) ~[na:na]
	at java.rmi/sun.rmi.transport.Transport$1.run(Transport.java:200) ~[na:na]
	at java.rmi/sun.rmi.transport.Transport$1.run(Transport.java:197) ~[na:na]
	at java.base/java.security.AccessController.doPrivileged(AccessController.java:712) ~[na:na]
	at java.rmi/sun.rmi.transport.Transport.serviceCall(Transport.java:196) ~[na:na]
	at java.rmi/sun.rmi.transport.tcp.TCPTransport.handleMessages(TCPTransport.java:587) ~[na:na]
	at java.rmi/sun.rmi.transport.tcp.TCPTransport$ConnectionHandler.run0(TCPTransport.java:828) ~[na:na]
	at java.rmi/sun.rmi.transport.tcp.TCPTransport$ConnectionHandler.lambda$run$0(TCPTransport.java:705) ~[na:na]
	at java.base/java.security.AccessController.doPrivileged(AccessController.java:399) ~[na:na]
	at java.rmi/sun.rmi.transport.tcp.TCPTransport$ConnectionHandler.run(TCPTransport.java:704) ~[na:na]
	at java.base/java.util.concurrent.ThreadPoolExecutor.runWorker(ThreadPoolExecutor.java:1136) ~[na:na]
	at java.base/java.util.concurrent.ThreadPoolExecutor$Worker.run(ThreadPoolExecutor.java:635) ~[na:na]
	at java.base/java.lang.Thread.run(Thread.java:842) ~[na:na]

2026-07-09T12:25:05.014+05:30 DEBUG 7336 --- [01-Sb-Logging-App] [restartedMain] o.s.b.w.s.ServletContextInitializerBeans : Mapping filters: characterEncodingFilter urls=[/*] order=-2147483648, formContentFilter urls=[/*] order=-9900, requestContextFilter urls=[/*] order=-105
2026-07-09T12:25:05.015+05:30 DEBUG 7336 --- [01-Sb-Logging-App] [restartedMain] o.s.b.w.s.ServletContextInitializerBeans : Mapping servlets: dispatcherServlet urls=[/]
2026-07-09T12:25:05.021+05:30 DEBUG 7336 --- [01-Sb-Logging-App] [restartedMain] org.apache.catalina.core.ContainerBase   : Add container child [StandardWrapper[dispatcherServlet]] to container [StandardEngine[Tomcat].StandardHost[localhost].TomcatEmbeddedContext[]]
2026-07-09T12:25:05.072+05:30 DEBUG 7336 --- [01-Sb-Logging-App] [restartedMain] o.a.catalina.session.StandardManager     : Persisted data file [C:\Users\Admin\AppData\Local\Temp\734550E0AB10C86A13286E9827DB80A685E25D2E\servlet-sessions\SESSIONS.ser] was not found

java.io.FileNotFoundException: C:\Users\Admin\AppData\Local\Temp\734550E0AB10C86A13286E9827DB80A685E25D2E\servlet-sessions\SESSIONS.ser (The system cannot find the file specified)
	at java.base/java.io.FileInputStream.open0(Native Method) ~[na:na]
	at java.base/java.io.FileInputStream.open(FileInputStream.java:216) ~[na:na]
	at java.base/java.io.FileInputStream.<init>(FileInputStream.java:157) ~[na:na]
	at java.base/java.io.FileInputStream.<init>(FileInputStream.java:111) ~[na:na]
	at org.apache.catalina.session.StandardManager.load(StandardManager.java:123) ~[tomcat-embed-core-11.0.22.jar:11.0.22]
	at org.apache.catalina.session.StandardManager.startInternal(StandardManager.java:255) ~[tomcat-embed-core-11.0.22.jar:11.0.22]
	at org.apache.catalina.util.LifecycleBase.start(LifecycleBase.java:164) ~[tomcat-embed-core-11.0.22.jar:11.0.22]
	at org.apache.catalina.core.StandardContext.startInternal(StandardContext.java:4447) ~[tomcat-embed-core-11.0.22.jar:11.0.22]
	at org.apache.catalina.util.LifecycleBase.start(LifecycleBase.java:164) ~[tomcat-embed-core-11.0.22.jar:11.0.22]
	at org.apache.catalina.core.ContainerBase$StartChild.call(ContainerBase.java:1162) ~[tomcat-embed-core-11.0.22.jar:11.0.22]
	at org.apache.catalina.core.ContainerBase$StartChild.call(ContainerBase.java:1158) ~[tomcat-embed-core-11.0.22.jar:11.0.22]
	at java.base/java.util.concurrent.FutureTask.run(FutureTask.java:264) ~[na:na]
	at org.apache.tomcat.util.threads.InlineExecutorService.execute(InlineExecutorService.java:81) ~[tomcat-embed-core-11.0.22.jar:11.0.22]
	at java.base/java.util.concurrent.AbstractExecutorService.submit(AbstractExecutorService.java:145) ~[na:na]
	at org.apache.catalina.core.ContainerBase.startInternal(ContainerBase.java:714) ~[tomcat-embed-core-11.0.22.jar:11.0.22]
	at org.apache.catalina.core.StandardHost.startInternal(StandardHost.java:780) ~[tomcat-embed-core-11.0.22.jar:11.0.22]
	at org.apache.catalina.util.LifecycleBase.start(LifecycleBase.java:164) ~[tomcat-embed-core-11.0.22.jar:11.0.22]
	at org.apache.catalina.core.ContainerBase$StartChild.call(ContainerBase.java:1162) ~[tomcat-embed-core-11.0.22.jar:11.0.22]
	at org.apache.catalina.core.ContainerBase$StartChild.call(ContainerBase.java:1158) ~[tomcat-embed-core-11.0.22.jar:11.0.22]
	at java.base/java.util.concurrent.FutureTask.run(FutureTask.java:264) ~[na:na]
	at org.apache.tomcat.util.threads.InlineExecutorService.execute(InlineExecutorService.java:81) ~[tomcat-embed-core-11.0.22.jar:11.0.22]
	at java.base/java.util.concurrent.AbstractExecutorService.submit(AbstractExecutorService.java:145) ~[na:na]
	at org.apache.catalina.core.ContainerBase.startInternal(ContainerBase.java:714) ~[tomcat-embed-core-11.0.22.jar:11.0.22]
	at org.apache.catalina.core.StandardEngine.startInternal(StandardEngine.java:201) ~[tomcat-embed-core-11.0.22.jar:11.0.22]
	at org.apache.catalina.util.LifecycleBase.start(LifecycleBase.java:164) ~[tomcat-embed-core-11.0.22.jar:11.0.22]
	at org.apache.catalina.core.StandardService.startInternal(StandardService.java:410) ~[tomcat-embed-core-11.0.22.jar:11.0.22]
	at org.apache.catalina.util.LifecycleBase.start(LifecycleBase.java:164) ~[tomcat-embed-core-11.0.22.jar:11.0.22]
	at org.apache.catalina.core.StandardServer.startInternal(StandardServer.java:864) ~[tomcat-embed-core-11.0.22.jar:11.0.22]
	at org.apache.catalina.util.LifecycleBase.start(LifecycleBase.java:164) ~[tomcat-embed-core-11.0.22.jar:11.0.22]
	at org.apache.catalina.startup.Tomcat.start(Tomcat.java:435) ~[tomcat-embed-core-11.0.22.jar:11.0.22]
	at org.springframework.boot.tomcat.TomcatWebServer.initialize(TomcatWebServer.java:131) ~[spring-boot-tomcat-4.1.0.jar:4.1.0]
	at org.springframework.boot.tomcat.TomcatWebServer.<init>(TomcatWebServer.java:110) ~[spring-boot-tomcat-4.1.0.jar:4.1.0]
	at org.springframework.boot.tomcat.servlet.TomcatServletWebServerFactory.getTomcatWebServer(TomcatServletWebServerFactory.java:429) ~[spring-boot-tomcat-4.1.0.jar:4.1.0]
	at org.springframework.boot.tomcat.servlet.TomcatServletWebServerFactory.getWebServer(TomcatServletWebServerFactory.java:167) ~[spring-boot-tomcat-4.1.0.jar:4.1.0]
	at org.springframework.boot.web.server.servlet.context.ServletWebServerApplicationContext.createWebServer(ServletWebServerApplicationContext.java:190) ~[spring-boot-web-server-4.1.0.jar:4.1.0]
	at org.springframework.boot.web.server.servlet.context.ServletWebServerApplicationContext.onRefresh(ServletWebServerApplicationContext.java:164) ~[spring-boot-web-server-4.1.0.jar:4.1.0]
	at org.springframework.context.support.AbstractApplicationContext.refresh(AbstractApplicationContext.java:615) ~[spring-context-7.0.8.jar:7.0.8]
	at org.springframework.boot.web.server.servlet.context.ServletWebServerApplicationContext.refresh(ServletWebServerApplicationContext.java:143) ~[spring-boot-web-server-4.1.0.jar:4.1.0]
	at org.springframework.boot.SpringApplication.refresh(SpringApplication.java:756) ~[spring-boot-4.1.0.jar:4.1.0]
	at org.springframework.boot.SpringApplication.refreshContext(SpringApplication.java:445) ~[spring-boot-4.1.0.jar:4.1.0]
	at org.springframework.boot.SpringApplication.run(SpringApplication.java:321) ~[spring-boot-4.1.0.jar:4.1.0]
	at org.springframework.boot.SpringApplication.run(SpringApplication.java:1365) ~[spring-boot-4.1.0.jar:4.1.0]
	at org.springframework.boot.SpringApplication.run(SpringApplication.java:1354) ~[spring-boot-4.1.0.jar:4.1.0]
	at com.example.Application.main(Application.java:10) ~[classes/:na]
	at java.base/jdk.internal.reflect.NativeMethodAccessorImpl.invoke0(Native Method) ~[na:na]
	at java.base/jdk.internal.reflect.NativeMethodAccessorImpl.invoke(NativeMethodAccessorImpl.java:77) ~[na:na]
	at java.base/jdk.internal.reflect.DelegatingMethodAccessorImpl.invoke(DelegatingMethodAccessorImpl.java:43) ~[na:na]
	at java.base/java.lang.reflect.Method.invoke(Method.java:568) ~[na:na]
	at org.springframework.boot.devtools.restart.RestartLauncher.run(RestartLauncher.java:52) ~[spring-boot-devtools-4.1.0.jar:4.1.0]

2026-07-09T12:25:05.086+05:30 DEBUG 7336 --- [01-Sb-Logging-App] [restartedMain] o.s.b.s.f.OrderedRequestContextFilter    : Filter 'requestContextFilter' configured for use
2026-07-09T12:25:05.099+05:30 DEBUG 7336 --- [01-Sb-Logging-App] [restartedMain] o.s.b.s.f.OrderedCharacterEncodingFilter : Filter 'characterEncodingFilter' configured for use
2026-07-09T12:25:05.099+05:30 DEBUG 7336 --- [01-Sb-Logging-App] [restartedMain] o.s.b.s.filter.OrderedFormContentFilter  : Filter 'formContentFilter' configured for use
2026-07-09T12:25:05.105+05:30 DEBUG 7336 --- [01-Sb-Logging-App] [restartedMain] org.apache.catalina.mapper.Mapper        : Registered host [localhost]
2026-07-09T12:25:05.107+05:30 DEBUG 7336 --- [01-Sb-Logging-App] [restartedMain] o.apache.catalina.mapper.MapperListener  : Register Wrapper [dispatcherServlet] in Context [] for service [StandardService[Tomcat]]
2026-07-09T12:25:05.117+05:30 DEBUG 7336 --- [01-Sb-Logging-App] [restartedMain] o.apache.catalina.mapper.MapperListener  : Register Context [] for service [StandardService[Tomcat]]
2026-07-09T12:25:05.118+05:30 DEBUG 7336 --- [01-Sb-Logging-App] [restartedMain] o.apache.catalina.mapper.MapperListener  : Register host [localhost] at domain [null] for service [StandardService[Tomcat]]
2026-07-09T12:25:05.126+05:30 DEBUG 7336 --- [01-Sb-Logging-App] [restartedMain] o.s.b.f.s.DefaultListableBeanFactory     : Creating shared instance of singleton bean 'applicationTaskExecutor'
2026-07-09T12:25:05.127+05:30 DEBUG 7336 --- [01-Sb-Logging-App] [restartedMain] o.s.b.f.s.DefaultListableBeanFactory     : Creating shared instance of singleton bean 'org.springframework.boot.autoconfigure.task.TaskExecutorConfigurations$TaskExecutorConfiguration'
2026-07-09T12:25:05.132+05:30 DEBUG 7336 --- [01-Sb-Logging-App] [restartedMain] o.s.b.f.s.DefaultListableBeanFactory     : Creating shared instance of singleton bean 'threadPoolTaskExecutorBuilder'
2026-07-09T12:25:05.133+05:30 DEBUG 7336 --- [01-Sb-Logging-App] [restartedMain] o.s.b.f.s.DefaultListableBeanFactory     : Creating shared instance of singleton bean 'org.springframework.boot.autoconfigure.task.TaskExecutorConfigurations$ThreadPoolTaskExecutorBuilderConfiguration'
2026-07-09T12:25:05.137+05:30 DEBUG 7336 --- [01-Sb-Logging-App] [restartedMain] o.s.b.f.s.DefaultListableBeanFactory     : Creating shared instance of singleton bean 'spring.task.execution-org.springframework.boot.autoconfigure.task.TaskExecutionProperties'
2026-07-09T12:25:05.141+05:30 DEBUG 7336 --- [01-Sb-Logging-App] [restartedMain] o.s.b.f.s.DefaultListableBeanFactory     : Autowiring by type from bean name 'threadPoolTaskExecutorBuilder' via factory method to bean named 'spring.task.execution-org.springframework.boot.autoconfigure.task.TaskExecutionProperties'
2026-07-09T12:25:05.147+05:30 DEBUG 7336 --- [01-Sb-Logging-App] [restartedMain] o.s.b.f.s.DefaultListableBeanFactory     : Autowiring by type from bean name 'applicationTaskExecutor' via factory method to bean named 'threadPoolTaskExecutorBuilder'
2026-07-09T12:25:05.158+05:30 DEBUG 7336 --- [01-Sb-Logging-App] [restartedMain] o.s.s.concurrent.ThreadPoolTaskExecutor  : Initializing ExecutorService 'applicationTaskExecutor'
2026-07-09T12:25:05.162+05:30 DEBUG 7336 --- [01-Sb-Logging-App] [restartedMain] o.s.b.f.s.DefaultListableBeanFactory     : Creating shared instance of singleton bean 'application'
2026-07-09T12:25:05.168+05:30 DEBUG 7336 --- [01-Sb-Logging-App] [restartedMain] o.s.b.f.s.DefaultListableBeanFactory     : Creating shared instance of singleton bean 'msgRestController'
2026-07-09T12:25:05.179+05:30 DEBUG 7336 --- [01-Sb-Logging-App] [restartedMain] o.s.b.f.s.DefaultListableBeanFactory     : Creating shared instance of singleton bean 'org.springframework.boot.autoconfigure.AutoConfigurationPackages'
2026-07-09T12:25:05.185+05:30 DEBUG 7336 --- [01-Sb-Logging-App] [restartedMain] o.s.b.f.s.DefaultListableBeanFactory     : Creating shared instance of singleton bean 'org.springframework.boot.autoconfigure.context.PropertyPlaceholderAutoConfiguration'
2026-07-09T12:25:05.187+05:30 DEBUG 7336 --- [01-Sb-Logging-App] [restartedMain] o.s.b.f.s.DefaultListableBeanFactory     : Creating shared instance of singleton bean 'org.springframework.boot.context.properties.EnableConfigurationPropertiesRegistrar.methodValidationExcludeFilter'
2026-07-09T12:25:05.192+05:30 DEBUG 7336 --- [01-Sb-Logging-App] [restartedMain] o.s.b.f.s.DefaultListableBeanFactory     : Creating shared instance of singleton bean 'org.springframework.boot.webmvc.autoconfigure.DispatcherServletAutoConfiguration'
2026-07-09T12:25:05.193+05:30 DEBUG 7336 --- [01-Sb-Logging-App] [restartedMain] o.s.b.f.s.DefaultListableBeanFactory     : Creating shared instance of singleton bean 'org.springframework.boot.autoconfigure.task.TaskExecutorConfigurations$SimpleAsyncTaskExecutorBuilderConfiguration'
2026-07-09T12:25:05.200+05:30 DEBUG 7336 --- [01-Sb-Logging-App] [restartedMain] o.s.b.f.s.DefaultListableBeanFactory     : Autowiring by type from bean name 'org.springframework.boot.autoconfigure.task.TaskExecutorConfigurations$SimpleAsyncTaskExecutorBuilderConfiguration' via constructor to bean named 'spring.task.execution-org.springframework.boot.autoconfigure.task.TaskExecutionProperties'
2026-07-09T12:25:05.201+05:30 DEBUG 7336 --- [01-Sb-Logging-App] [restartedMain] o.s.b.f.s.DefaultListableBeanFactory     : Creating shared instance of singleton bean 'simpleAsyncTaskExecutorBuilder'
2026-07-09T12:25:05.204+05:30 DEBUG 7336 --- [01-Sb-Logging-App] [restartedMain] o.s.b.f.s.DefaultListableBeanFactory     : Creating shared instance of singleton bean 'org.springframework.boot.autoconfigure.task.TaskExecutorConfigurations$AsyncConfigurerConfiguration'
2026-07-09T12:25:05.204+05:30 DEBUG 7336 --- [01-Sb-Logging-App] [restartedMain] o.s.b.f.s.DefaultListableBeanFactory     : Creating shared instance of singleton bean 'applicationTaskExecutorAsyncConfigurer'
2026-07-09T12:25:05.205+05:30 DEBUG 7336 --- [01-Sb-Logging-App] [restartedMain] o.s.b.f.s.DefaultListableBeanFactory     : Autowiring by type from bean name 'applicationTaskExecutorAsyncConfigurer' via factory method to bean named 'org.springframework.beans.factory.support.DefaultListableBeanFactory@52db930c'
2026-07-09T12:25:05.207+05:30 DEBUG 7336 --- [01-Sb-Logging-App] [restartedMain] o.s.b.f.s.DefaultListableBeanFactory     : Creating shared instance of singleton bean 'org.springframework.boot.autoconfigure.task.TaskExecutorConfigurations$BootstrapExecutorConfiguration'
2026-07-09T12:25:05.207+05:30 DEBUG 7336 --- [01-Sb-Logging-App] [restartedMain] o.s.b.f.s.DefaultListableBeanFactory     : Creating shared instance of singleton bean 'org.springframework.boot.autoconfigure.task.TaskExecutionAutoConfiguration'
2026-07-09T12:25:05.208+05:30 DEBUG 7336 --- [01-Sb-Logging-App] [restartedMain] o.s.b.f.s.DefaultListableBeanFactory     : Creating shared instance of singleton bean 'org.springframework.boot.webmvc.autoconfigure.error.ErrorMvcAutoConfiguration$WhitelabelErrorViewConfiguration'
2026-07-09T12:25:05.214+05:30 DEBUG 7336 --- [01-Sb-Logging-App] [restartedMain] o.s.b.f.s.DefaultListableBeanFactory     : Creating shared instance of singleton bean 'error'
2026-07-09T12:25:05.215+05:30 DEBUG 7336 --- [01-Sb-Logging-App] [restartedMain] o.s.b.f.s.DefaultListableBeanFactory     : Creating shared instance of singleton bean 'beanNameViewResolver'
2026-07-09T12:25:05.219+05:30 DEBUG 7336 --- [01-Sb-Logging-App] [restartedMain] o.s.b.f.s.DefaultListableBeanFactory     : Creating shared instance of singleton bean 'org.springframework.boot.webmvc.autoconfigure.error.ErrorMvcAutoConfiguration$DefaultErrorViewResolverConfiguration'
2026-07-09T12:25:05.220+05:30 DEBUG 7336 --- [01-Sb-Logging-App] [restartedMain] o.s.b.f.s.DefaultListableBeanFactory     : Autowiring by type from bean name 'org.springframework.boot.webmvc.autoconfigure.error.ErrorMvcAutoConfiguration$DefaultErrorViewResolverConfiguration' via constructor to bean named 'org.springframework.boot.web.server.servlet.context.AnnotationConfigServletWebServerApplicationContext@37016b5c'
2026-07-09T12:25:05.220+05:30 DEBUG 7336 --- [01-Sb-Logging-App] [restartedMain] o.s.b.f.s.DefaultListableBeanFactory     : Autowiring by type from bean name 'org.springframework.boot.webmvc.autoconfigure.error.ErrorMvcAutoConfiguration$DefaultErrorViewResolverConfiguration' via constructor to bean named 'spring.web-org.springframework.boot.autoconfigure.web.WebProperties'
2026-07-09T12:25:05.221+05:30 DEBUG 7336 --- [01-Sb-Logging-App] [restartedMain] o.s.b.f.s.DefaultListableBeanFactory     : Creating shared instance of singleton bean 'conventionErrorViewResolver'
2026-07-09T12:25:05.224+05:30 DEBUG 7336 --- [01-Sb-Logging-App] [restartedMain] o.s.b.f.s.DefaultListableBeanFactory     : Creating shared instance of singleton bean 'errorAttributes'
2026-07-09T12:25:05.231+05:30 DEBUG 7336 --- [01-Sb-Logging-App] [restartedMain] o.s.b.f.s.DefaultListableBeanFactory     : Creating shared instance of singleton bean 'basicErrorController'
2026-07-09T12:25:05.232+05:30 DEBUG 7336 --- [01-Sb-Logging-App] [restartedMain] o.s.b.f.s.DefaultListableBeanFactory     : Autowiring by type from bean name 'basicErrorController' via factory method to bean named 'errorAttributes'
2026-07-09T12:25:05.239+05:30 DEBUG 7336 --- [01-Sb-Logging-App] [restartedMain] o.s.b.f.s.DefaultListableBeanFactory     : Creating shared instance of singleton bean 'org.springframework.boot.webmvc.autoconfigure.WebMvcAutoConfiguration$EnableWebMvcConfiguration'
2026-07-09T12:25:05.242+05:30 DEBUG 7336 --- [01-Sb-Logging-App] [restartedMain] o.s.b.f.s.DefaultListableBeanFactory     : Autowiring by type from bean name 'org.springframework.boot.webmvc.autoconfigure.WebMvcAutoConfiguration$EnableWebMvcConfiguration' via constructor to bean named 'spring.mvc-org.springframework.boot.webmvc.autoconfigure.WebMvcProperties'
2026-07-09T12:25:05.242+05:30 DEBUG 7336 --- [01-Sb-Logging-App] [restartedMain] o.s.b.f.s.DefaultListableBeanFactory     : Autowiring by type from bean name 'org.springframework.boot.webmvc.autoconfigure.WebMvcAutoConfiguration$EnableWebMvcConfiguration' via constructor to bean named 'spring.web-org.springframework.boot.autoconfigure.web.WebProperties'
2026-07-09T12:25:05.243+05:30 DEBUG 7336 --- [01-Sb-Logging-App] [restartedMain] o.s.b.f.s.DefaultListableBeanFactory     : Autowiring by type from bean name 'org.springframework.boot.webmvc.autoconfigure.WebMvcAutoConfiguration$EnableWebMvcConfiguration' via constructor to bean named 'org.springframework.beans.factory.support.DefaultListableBeanFactory@52db930c'
2026-07-09T12:25:05.253+05:30 DEBUG 7336 --- [01-Sb-Logging-App] [restartedMain] o.s.b.f.s.DefaultListableBeanFactory     : Creating shared instance of singleton bean 'org.springframework.boot.webmvc.autoconfigure.WebMvcAutoConfiguration$WebMvcAutoConfigurationAdapter'
2026-07-09T12:25:05.256+05:30 DEBUG 7336 --- [01-Sb-Logging-App] [restartedMain] o.s.b.f.s.DefaultListableBeanFactory     : Autowiring by type from bean name 'org.springframework.boot.webmvc.autoconfigure.WebMvcAutoConfiguration$WebMvcAutoConfigurationAdapter' via constructor to bean named 'spring.web-org.springframework.boot.autoconfigure.web.WebProperties'
2026-07-09T12:25:05.256+05:30 DEBUG 7336 --- [01-Sb-Logging-App] [restartedMain] o.s.b.f.s.DefaultListableBeanFactory     : Autowiring by type from bean name 'org.springframework.boot.webmvc.autoconfigure.WebMvcAutoConfiguration$WebMvcAutoConfigurationAdapter' via constructor to bean named 'spring.mvc-org.springframework.boot.webmvc.autoconfigure.WebMvcProperties'
2026-07-09T12:25:05.256+05:30 DEBUG 7336 --- [01-Sb-Logging-App] [restartedMain] o.s.b.f.s.DefaultListableBeanFactory     : Autowiring by type from bean name 'org.springframework.boot.webmvc.autoconfigure.WebMvcAutoConfiguration$WebMvcAutoConfigurationAdapter' via constructor to bean named 'org.springframework.beans.factory.support.DefaultListableBeanFactory@52db930c'
2026-07-09T12:25:05.259+05:30 DEBUG 7336 --- [01-Sb-Logging-App] [restartedMain] o.s.b.f.s.DefaultListableBeanFactory     : Creating shared instance of singleton bean 'welcomePageHandlerMapping'
2026-07-09T12:25:05.260+05:30 DEBUG 7336 --- [01-Sb-Logging-App] [restartedMain] o.s.b.f.s.DefaultListableBeanFactory     : Creating shared instance of singleton bean 'mvcConversionService'
2026-07-09T12:25:05.267+05:30 DEBUG 7336 --- [01-Sb-Logging-App] [restartedMain] o.s.b.f.s.DefaultListableBeanFactory     : Creating shared instance of singleton bean 'mvcResourceUrlProvider'
2026-07-09T12:25:05.271+05:30 DEBUG 7336 --- [01-Sb-Logging-App] [restartedMain] o.s.b.f.s.DefaultListableBeanFactory     : Autowiring by type from bean name 'welcomePageHandlerMapping' via factory method to bean named 'org.springframework.boot.web.server.servlet.context.AnnotationConfigServletWebServerApplicationContext@37016b5c'
2026-07-09T12:25:05.271+05:30 DEBUG 7336 --- [01-Sb-Logging-App] [restartedMain] o.s.b.f.s.DefaultListableBeanFactory     : Autowiring by type from bean name 'welcomePageHandlerMapping' via factory method to bean named 'mvcConversionService'
2026-07-09T12:25:05.271+05:30 DEBUG 7336 --- [01-Sb-Logging-App] [restartedMain] o.s.b.f.s.DefaultListableBeanFactory     : Autowiring by type from bean name 'welcomePageHandlerMapping' via factory method to bean named 'mvcResourceUrlProvider'
2026-07-09T12:25:05.277+05:30 DEBUG 7336 --- [01-Sb-Logging-App] [restartedMain] org.apache.catalina.webresources.Cache   : Increased cache size by [521] for item [org.apache.catalina.webresources.CachedResource@85ff243] at [/index.html] making total cache size [1052]
2026-07-09T12:25:05.298+05:30 DEBUG 7336 --- [01-Sb-Logging-App] [restartedMain] o.s.b.f.s.DefaultListableBeanFactory     : Creating shared instance of singleton bean 'welcomePageNotAcceptableHandlerMapping'
2026-07-09T12:25:05.301+05:30 DEBUG 7336 --- [01-Sb-Logging-App] [restartedMain] o.s.b.f.s.DefaultListableBeanFactory     : Autowiring by type from bean name 'welcomePageNotAcceptableHandlerMapping' via factory method to bean named 'org.springframework.boot.web.server.servlet.context.AnnotationConfigServletWebServerApplicationContext@37016b5c'
2026-07-09T12:25:05.301+05:30 DEBUG 7336 --- [01-Sb-Logging-App] [restartedMain] o.s.b.f.s.DefaultListableBeanFactory     : Autowiring by type from bean name 'welcomePageNotAcceptableHandlerMapping' via factory method to bean named 'mvcConversionService'
2026-07-09T12:25:05.301+05:30 DEBUG 7336 --- [01-Sb-Logging-App] [restartedMain] o.s.b.f.s.DefaultListableBeanFactory     : Autowiring by type from bean name 'welcomePageNotAcceptableHandlerMapping' via factory method to bean named 'mvcResourceUrlProvider'
2026-07-09T12:25:05.304+05:30 DEBUG 7336 --- [01-Sb-Logging-App] [restartedMain] o.s.b.f.s.DefaultListableBeanFactory     : Creating shared instance of singleton bean 'localeResolver'
2026-07-09T12:25:05.306+05:30 DEBUG 7336 --- [01-Sb-Logging-App] [restartedMain] o.s.b.f.s.DefaultListableBeanFactory     : Creating shared instance of singleton bean 'flashMapManager'
2026-07-09T12:25:05.309+05:30 DEBUG 7336 --- [01-Sb-Logging-App] [restartedMain] o.s.b.f.s.DefaultListableBeanFactory     : Creating shared instance of singleton bean 'viewNameTranslator'
2026-07-09T12:25:05.314+05:30 DEBUG 7336 --- [01-Sb-Logging-App] [restartedMain] o.s.b.f.s.DefaultListableBeanFactory     : Creating shared instance of singleton bean 'mvcValidator'
2026-07-09T12:25:05.315+05:30 DEBUG 7336 --- [01-Sb-Logging-App] [restartedMain] o.s.b.f.s.DefaultListableBeanFactory     : Creating shared instance of singleton bean 'requestMappingHandlerMapping'
2026-07-09T12:25:05.319+05:30 DEBUG 7336 --- [01-Sb-Logging-App] [restartedMain] o.s.b.f.s.DefaultListableBeanFactory     : Creating shared instance of singleton bean 'mvcContentNegotiationManager'
2026-07-09T12:25:05.323+05:30 DEBUG 7336 --- [01-Sb-Logging-App] [restartedMain] o.s.b.f.s.DefaultListableBeanFactory     : Creating shared instance of singleton bean 'stringHttpMessageConvertersCustomizer'
2026-07-09T12:25:05.323+05:30 DEBUG 7336 --- [01-Sb-Logging-App] [restartedMain] o.s.b.f.s.DefaultListableBeanFactory     : Creating shared instance of singleton bean 'org.springframework.boot.http.converter.autoconfigure.HttpMessageConvertersAutoConfiguration$StringHttpMessageConverterConfiguration'
2026-07-09T12:25:05.325+05:30 DEBUG 7336 --- [01-Sb-Logging-App] [restartedMain] o.s.b.f.s.DefaultListableBeanFactory     : Creating shared instance of singleton bean 'spring.http.converters-org.springframework.boot.http.converter.autoconfigure.HttpMessageConvertersProperties'
2026-07-09T12:25:05.329+05:30 DEBUG 7336 --- [01-Sb-Logging-App] [restartedMain] o.s.b.f.s.DefaultListableBeanFactory     : Autowiring by type from bean name 'stringHttpMessageConvertersCustomizer' via factory method to bean named 'spring.http.converters-org.springframework.boot.http.converter.autoconfigure.HttpMessageConvertersProperties'
2026-07-09T12:25:05.332+05:30 DEBUG 7336 --- [01-Sb-Logging-App] [restartedMain] o.s.b.f.s.DefaultListableBeanFactory     : Creating shared instance of singleton bean 'jacksonJsonHttpMessageConvertersCustomizer'
2026-07-09T12:25:05.333+05:30 DEBUG 7336 --- [01-Sb-Logging-App] [restartedMain] o.s.b.f.s.DefaultListableBeanFactory     : Creating shared instance of singleton bean 'org.springframework.boot.http.converter.autoconfigure.JacksonHttpMessageConvertersConfiguration$JacksonJsonHttpMessageConverterConfiguration'
2026-07-09T12:25:05.334+05:30 DEBUG 7336 --- [01-Sb-Logging-App] [restartedMain] o.s.b.f.s.DefaultListableBeanFactory     : Creating shared instance of singleton bean 'jacksonJsonMapper'
2026-07-09T12:25:05.334+05:30 DEBUG 7336 --- [01-Sb-Logging-App] [restartedMain] o.s.b.f.s.DefaultListableBeanFactory     : Creating shared instance of singleton bean 'org.springframework.boot.jackson.autoconfigure.JacksonAutoConfiguration'
2026-07-09T12:25:05.336+05:30 DEBUG 7336 --- [01-Sb-Logging-App] [restartedMain] o.s.b.f.s.DefaultListableBeanFactory     : Creating shared instance of singleton bean 'problemDetailJsonMapperBuilderCustomizer'
2026-07-09T12:25:05.336+05:30 DEBUG 7336 --- [01-Sb-Logging-App] [restartedMain] o.s.b.f.s.DefaultListableBeanFactory     : Creating shared instance of singleton bean 'org.springframework.boot.jackson.autoconfigure.JacksonAutoConfiguration$JsonProblemDetailsConfiguration'
2026-07-09T12:25:05.338+05:30 DEBUG 7336 --- [01-Sb-Logging-App] [restartedMain] o.s.b.f.s.DefaultListableBeanFactory     : Creating shared instance of singleton bean 'standardJsonMapperBuilderCustomizer'
2026-07-09T12:25:05.338+05:30 DEBUG 7336 --- [01-Sb-Logging-App] [restartedMain] o.s.b.f.s.DefaultListableBeanFactory     : Creating shared instance of singleton bean 'org.springframework.boot.jackson.autoconfigure.JacksonAutoConfiguration$JacksonJsonCustomizerConfiguration'
2026-07-09T12:25:05.339+05:30 DEBUG 7336 --- [01-Sb-Logging-App] [restartedMain] o.s.b.f.s.DefaultListableBeanFactory     : Creating shared instance of singleton bean 'spring.jackson-org.springframework.boot.jackson.autoconfigure.JacksonProperties'
2026-07-09T12:25:05.351+05:30 DEBUG 7336 --- [01-Sb-Logging-App] [restartedMain] o.s.b.f.s.DefaultListableBeanFactory     : Autowiring by type from bean name 'org.springframework.boot.jackson.autoconfigure.JacksonAutoConfiguration$JacksonJsonCustomizerConfiguration' via constructor to bean named 'spring.jackson-org.springframework.boot.jackson.autoconfigure.JacksonProperties'
2026-07-09T12:25:05.352+05:30 DEBUG 7336 --- [01-Sb-Logging-App] [restartedMain] o.s.b.f.s.DefaultListableBeanFactory     : Autowiring by type from bean name 'standardJsonMapperBuilderCustomizer' via factory method to bean named 'org.springframework.beans.factory.support.DefaultListableBeanFactory@52db930c'
2026-07-09T12:25:05.354+05:30 DEBUG 7336 --- [01-Sb-Logging-App] [restartedMain] o.s.b.f.s.DefaultListableBeanFactory     : Creating shared instance of singleton bean 'jacksonMixinModule'
2026-07-09T12:25:05.354+05:30 DEBUG 7336 --- [01-Sb-Logging-App] [restartedMain] o.s.b.f.s.DefaultListableBeanFactory     : Creating shared instance of singleton bean 'org.springframework.boot.jackson.autoconfigure.JacksonAutoConfiguration$JacksonMixinConfiguration'
2026-07-09T12:25:05.355+05:30 DEBUG 7336 --- [01-Sb-Logging-App] [restartedMain] o.s.b.f.s.DefaultListableBeanFactory     : Creating shared instance of singleton bean 'jacksonMixinModuleEntries'
2026-07-09T12:25:05.355+05:30 DEBUG 7336 --- [01-Sb-Logging-App] [restartedMain] o.s.b.f.s.DefaultListableBeanFactory     : Autowiring by type from bean name 'jacksonMixinModuleEntries' via factory method to bean named 'org.springframework.boot.web.server.servlet.context.AnnotationConfigServletWebServerApplicationContext@37016b5c'
2026-07-09T12:25:05.356+05:30 DEBUG 7336 --- [01-Sb-Logging-App] [restartedMain] o.s.b.a.AutoConfigurationPackages        : @EnableAutoConfiguration was declared on a class in the package 'com.example'. Automatic @Repository and @Entity scanning is enabled.
2026-07-09T12:25:05.364+05:30 DEBUG 7336 --- [01-Sb-Logging-App] [restartedMain] o.s.b.f.s.DefaultListableBeanFactory     : Autowiring by type from bean name 'jacksonMixinModule' via factory method to bean named 'org.springframework.boot.web.server.servlet.context.AnnotationConfigServletWebServerApplicationContext@37016b5c'
2026-07-09T12:25:05.365+05:30 DEBUG 7336 --- [01-Sb-Logging-App] [restartedMain] o.s.b.f.s.DefaultListableBeanFactory     : Autowiring by type from bean name 'jacksonMixinModule' via factory method to bean named 'jacksonMixinModuleEntries'
2026-07-09T12:25:05.372+05:30 DEBUG 7336 --- [01-Sb-Logging-App] [restartedMain] o.s.b.f.s.DefaultListableBeanFactory     : Creating shared instance of singleton bean 'jsonComponentModule'
2026-07-09T12:25:05.388+05:30 DEBUG 7336 --- [01-Sb-Logging-App] [restartedMain] o.s.b.f.s.DefaultListableBeanFactory     : Creating shared instance of singleton bean 'jsonFactory'
2026-07-09T12:25:05.390+05:30 DEBUG 7336 --- [01-Sb-Logging-App] [restartedMain] o.s.b.f.s.DefaultListableBeanFactory     : Creating shared instance of singleton bean 'standardJsonFactoryBuilderCustomizer'
2026-07-09T12:25:05.392+05:30 DEBUG 7336 --- [01-Sb-Logging-App] [restartedMain] o.s.b.f.s.DefaultListableBeanFactory     : Autowiring by type from bean name 'jsonFactory' via factory method to bean named 'standardJsonFactoryBuilderCustomizer'
2026-07-09T12:25:05.405+05:30 DEBUG 7336 --- [01-Sb-Logging-App] [restartedMain] o.s.b.f.s.DefaultListableBeanFactory     : Autowiring by type from bean name 'jsonMapperBuilder' via factory method to bean named 'problemDetailJsonMapperBuilderCustomizer'
2026-07-09T12:25:05.405+05:30 DEBUG 7336 --- [01-Sb-Logging-App] [restartedMain] o.s.b.f.s.DefaultListableBeanFactory     : Autowiring by type from bean name 'jsonMapperBuilder' via factory method to bean named 'standardJsonMapperBuilderCustomizer'
2026-07-09T12:25:05.406+05:30 DEBUG 7336 --- [01-Sb-Logging-App] [restartedMain] o.s.b.f.s.DefaultListableBeanFactory     : Autowiring by type from bean name 'jsonMapperBuilder' via factory method to bean named 'jsonFactory'
2026-07-09T12:25:05.420+05:30 DEBUG 7336 --- [01-Sb-Logging-App] [restartedMain] o.s.b.f.s.DefaultListableBeanFactory     : Autowiring by type from bean name 'jacksonJsonMapper' via factory method to bean named 'jsonMapperBuilder'
2026-07-09T12:25:05.452+05:30 DEBUG 7336 --- [01-Sb-Logging-App] [restartedMain] o.s.b.f.s.DefaultListableBeanFactory     : Autowiring by type from bean name 'jacksonJsonHttpMessageConvertersCustomizer' via factory method to bean named 'jacksonJsonMapper'
2026-07-09T12:25:05.453+05:30 DEBUG 7336 --- [01-Sb-Logging-App] [restartedMain] o.s.b.f.s.DefaultListableBeanFactory     : Creating shared instance of singleton bean 'serverConvertersCustomizer'
2026-07-09T12:25:05.454+05:30 DEBUG 7336 --- [01-Sb-Logging-App] [restartedMain] o.s.b.f.s.DefaultListableBeanFactory     : Creating shared instance of singleton bean 'org.springframework.boot.http.converter.autoconfigure.HttpMessageConvertersAutoConfiguration'
2026-07-09T12:25:05.469+05:30 DEBUG 7336 --- [01-Sb-Logging-App] [restartedMain] o.s.b.f.s.DefaultListableBeanFactory     : Creating shared instance of singleton bean 'mvcApiVersionStrategy'
2026-07-09T12:25:05.487+05:30 DEBUG 7336 --- [01-Sb-Logging-App] [restartedMain] o.s.b.f.s.DefaultListableBeanFactory     : Autowiring by type from bean name 'requestMappingHandlerMapping' via factory method to bean named 'mvcContentNegotiationManager'
2026-07-09T12:25:05.487+05:30 DEBUG 7336 --- [01-Sb-Logging-App] [restartedMain] o.s.b.f.s.DefaultListableBeanFactory     : Autowiring by type from bean name 'requestMappingHandlerMapping' via factory method to bean named 'mvcApiVersionStrategy'
2026-07-09T12:25:05.487+05:30 DEBUG 7336 --- [01-Sb-Logging-App] [restartedMain] o.s.b.f.s.DefaultListableBeanFactory     : Autowiring by type from bean name 'requestMappingHandlerMapping' via factory method to bean named 'mvcConversionService'
2026-07-09T12:25:05.488+05:30 DEBUG 7336 --- [01-Sb-Logging-App] [restartedMain] o.s.b.f.s.DefaultListableBeanFactory     : Autowiring by type from bean name 'requestMappingHandlerMapping' via factory method to bean named 'mvcResourceUrlProvider'
2026-07-09T12:25:05.504+05:30 DEBUG 7336 --- [01-Sb-Logging-App] [RMI TCP Connection(2)-127.0.0.1] sun.rmi.transport.tcp                    : RMI TCP Connection(2)-127.0.0.1: (port 22336) op = 82
2026-07-09T12:25:05.505+05:30 DEBUG 7336 --- [01-Sb-Logging-App] [RMI TCP Connection(2)-127.0.0.1] sun.rmi.transport.tcp                    : RMI TCP Connection(2)-127.0.0.1: (port 22336) op = 80
2026-07-09T12:25:05.505+05:30 DEBUG 7336 --- [01-Sb-Logging-App] [RMI TCP Connection(2)-127.0.0.1] sun.rmi.loader                           : RMI TCP Connection(2)-127.0.0.1: name = "javax.management.ObjectName", codebase = ""
2026-07-09T12:25:05.506+05:30 DEBUG 7336 --- [01-Sb-Logging-App] [RMI TCP Connection(2)-127.0.0.1] javax.management.remote.rmi              : connectionId=rmi://127.0.0.1  1, name=org.springframework.boot:type=Admin,name=SpringApplication, attribute=Ready
2026-07-09T12:25:05.506+05:30 DEBUG 7336 --- [01-Sb-Logging-App] [RMI TCP Connection(2)-127.0.0.1] sun.rmi.server.call                      : RMI TCP Connection(2)-127.0.0.1: [127.0.0.1] exception: 

javax.management.InstanceNotFoundException: org.springframework.boot:type=Admin,name=SpringApplication
	at java.management/com.sun.jmx.interceptor.DefaultMBeanServerInterceptor.getMBean(DefaultMBeanServerInterceptor.java:1088) ~[na:na]
	at java.management/com.sun.jmx.interceptor.DefaultMBeanServerInterceptor.getAttribute(DefaultMBeanServerInterceptor.java:640) ~[na:na]
	at java.management/com.sun.jmx.mbeanserver.JmxMBeanServer.getAttribute(JmxMBeanServer.java:679) ~[na:na]
	at java.management.rmi/javax.management.remote.rmi.RMIConnectionImpl.doOperation(RMIConnectionImpl.java:1449) ~[na:na]
	at java.management.rmi/javax.management.remote.rmi.RMIConnectionImpl$PrivilegedOperation.run(RMIConnectionImpl.java:1310) ~[na:na]
	at java.management.rmi/javax.management.remote.rmi.RMIConnectionImpl.doPrivilegedOperation(RMIConnectionImpl.java:1405) ~[na:na]
	at java.management.rmi/javax.management.remote.rmi.RMIConnectionImpl.getAttribute(RMIConnectionImpl.java:639) ~[na:na]
	at java.base/jdk.internal.reflect.NativeMethodAccessorImpl.invoke0(Native Method) ~[na:na]
	at java.base/jdk.internal.reflect.NativeMethodAccessorImpl.invoke(NativeMethodAccessorImpl.java:77) ~[na:na]
	at java.base/jdk.internal.reflect.DelegatingMethodAccessorImpl.invoke(DelegatingMethodAccessorImpl.java:43) ~[na:na]
	at java.base/java.lang.reflect.Method.invoke(Method.java:568) ~[na:na]
	at java.rmi/sun.rmi.server.UnicastServerRef.dispatch(UnicastServerRef.java:360) ~[na:na]
	at java.rmi/sun.rmi.transport.Transport$1.run(Transport.java:200) ~[na:na]
	at java.rmi/sun.rmi.transport.Transport$1.run(Transport.java:197) ~[na:na]
	at java.base/java.security.AccessController.doPrivileged(AccessController.java:712) ~[na:na]
	at java.rmi/sun.rmi.transport.Transport.serviceCall(Transport.java:196) ~[na:na]
	at java.rmi/sun.rmi.transport.tcp.TCPTransport.handleMessages(TCPTransport.java:587) ~[na:na]
	at java.rmi/sun.rmi.transport.tcp.TCPTransport$ConnectionHandler.run0(TCPTransport.java:828) ~[na:na]
	at java.rmi/sun.rmi.transport.tcp.TCPTransport$ConnectionHandler.lambda$run$0(TCPTransport.java:705) ~[na:na]
	at java.base/java.security.AccessController.doPrivileged(AccessController.java:399) ~[na:na]
	at java.rmi/sun.rmi.transport.tcp.TCPTransport$ConnectionHandler.run(TCPTransport.java:704) ~[na:na]
	at java.base/java.util.concurrent.ThreadPoolExecutor.runWorker(ThreadPoolExecutor.java:1136) ~[na:na]
	at java.base/java.util.concurrent.ThreadPoolExecutor$Worker.run(ThreadPoolExecutor.java:635) ~[na:na]
	at java.base/java.lang.Thread.run(Thread.java:842) ~[na:na]

2026-07-09T12:25:05.655+05:30 DEBUG 7336 --- [01-Sb-Logging-App] [restartedMain] _.s.web.servlet.HandlerMapping.Mappings  : 
	c.e.r.MsgRestController:
	{GET [/greet]}: getGreetMsg()
	{GET [/welcome]}: getWelcomeMsg()
2026-07-09T12:25:05.667+05:30 DEBUG 7336 --- [01-Sb-Logging-App] [restartedMain] _.s.web.servlet.HandlerMapping.Mappings  : 
	o.s.b.w.a.e.BasicErrorController:
	{ [/error]}: error(HttpServletRequest)
	{ [/error], produces [text/html]}: errorHtml(HttpServletRequest,HttpServletResponse)
2026-07-09T12:25:05.670+05:30 DEBUG 7336 --- [01-Sb-Logging-App] [restartedMain] s.w.s.m.m.a.RequestMappingHandlerMapping : 4 mappings in 'requestMappingHandlerMapping'
2026-07-09T12:25:05.671+05:30 DEBUG 7336 --- [01-Sb-Logging-App] [restartedMain] o.s.b.f.s.DefaultListableBeanFactory     : Creating shared instance of singleton bean 'mvcPatternParser'
2026-07-09T12:25:05.672+05:30 DEBUG 7336 --- [01-Sb-Logging-App] [restartedMain] o.s.b.f.s.DefaultListableBeanFactory     : Creating shared instance of singleton bean 'mvcUrlPathHelper'
2026-07-09T12:25:05.673+05:30 DEBUG 7336 --- [01-Sb-Logging-App] [restartedMain] o.s.b.f.s.DefaultListableBeanFactory     : Creating shared instance of singleton bean 'mvcPathMatcher'
2026-07-09T12:25:05.674+05:30 DEBUG 7336 --- [01-Sb-Logging-App] [restartedMain] o.s.b.f.s.DefaultListableBeanFactory     : Creating shared instance of singleton bean 'viewControllerHandlerMapping'
2026-07-09T12:25:05.675+05:30 DEBUG 7336 --- [01-Sb-Logging-App] [restartedMain] o.s.b.f.s.DefaultListableBeanFactory     : Autowiring by type from bean name 'viewControllerHandlerMapping' via factory method to bean named 'mvcConversionService'
2026-07-09T12:25:05.675+05:30 DEBUG 7336 --- [01-Sb-Logging-App] [restartedMain] o.s.b.f.s.DefaultListableBeanFactory     : Autowiring by type from bean name 'viewControllerHandlerMapping' via factory method to bean named 'mvcResourceUrlProvider'
2026-07-09T12:25:05.675+05:30 DEBUG 7336 --- [01-Sb-Logging-App] [restartedMain] o.s.b.f.s.DefaultListableBeanFactory     : Creating shared instance of singleton bean 'beanNameHandlerMapping'
2026-07-09T12:25:05.676+05:30 DEBUG 7336 --- [01-Sb-Logging-App] [restartedMain] o.s.b.f.s.DefaultListableBeanFactory     : Autowiring by type from bean name 'beanNameHandlerMapping' via factory method to bean named 'mvcConversionService'
2026-07-09T12:25:05.678+05:30 DEBUG 7336 --- [01-Sb-Logging-App] [restartedMain] o.s.b.f.s.DefaultListableBeanFactory     : Autowiring by type from bean name 'beanNameHandlerMapping' via factory method to bean named 'mvcResourceUrlProvider'
2026-07-09T12:25:05.682+05:30 DEBUG 7336 --- [01-Sb-Logging-App] [restartedMain] _.s.web.servlet.HandlerMapping.Mappings  : 'beanNameHandlerMapping' {}
2026-07-09T12:25:05.682+05:30 DEBUG 7336 --- [01-Sb-Logging-App] [restartedMain] o.s.b.f.s.DefaultListableBeanFactory     : Creating shared instance of singleton bean 'routerFunctionMapping'
2026-07-09T12:25:05.684+05:30 DEBUG 7336 --- [01-Sb-Logging-App] [restartedMain] o.s.b.f.s.DefaultListableBeanFactory     : Autowiring by type from bean name 'routerFunctionMapping' via factory method to bean named 'mvcConversionService'
2026-07-09T12:25:05.684+05:30 DEBUG 7336 --- [01-Sb-Logging-App] [restartedMain] o.s.b.f.s.DefaultListableBeanFactory     : Autowiring by type from bean name 'routerFunctionMapping' via factory method to bean named 'mvcResourceUrlProvider'
2026-07-09T12:25:05.685+05:30 DEBUG 7336 --- [01-Sb-Logging-App] [restartedMain] o.s.b.f.s.DefaultListableBeanFactory     : Autowiring by type from bean name 'routerFunctionMapping' via factory method to bean named 'mvcApiVersionStrategy'
2026-07-09T12:25:05.689+05:30 DEBUG 7336 --- [01-Sb-Logging-App] [restartedMain] o.s.b.f.s.DefaultListableBeanFactory     : Creating shared instance of singleton bean 'resourceHandlerMapping'
2026-07-09T12:25:05.691+05:30 DEBUG 7336 --- [01-Sb-Logging-App] [restartedMain] o.s.b.f.s.DefaultListableBeanFactory     : Autowiring by type from bean name 'resourceHandlerMapping' via factory method to bean named 'mvcContentNegotiationManager'
2026-07-09T12:25:05.691+05:30 DEBUG 7336 --- [01-Sb-Logging-App] [restartedMain] o.s.b.f.s.DefaultListableBeanFactory     : Autowiring by type from bean name 'resourceHandlerMapping' via factory method to bean named 'mvcConversionService'
2026-07-09T12:25:05.692+05:30 DEBUG 7336 --- [01-Sb-Logging-App] [restartedMain] o.s.b.f.s.DefaultListableBeanFactory     : Autowiring by type from bean name 'resourceHandlerMapping' via factory method to bean named 'mvcResourceUrlProvider'
2026-07-09T12:25:05.714+05:30 DEBUG 7336 --- [01-Sb-Logging-App] [restartedMain] _.s.web.servlet.HandlerMapping.Mappings  : 'resourceHandlerMapping' {/webjars/**=ResourceHttpRequestHandler [classpath [META-INF/resources/webjars/]], /**=ResourceHttpRequestHandler [classpath [META-INF/resources/], classpath [resources/], classpath [static/], classpath [public/], ServletContext [/]]}
2026-07-09T12:25:05.715+05:30 DEBUG 7336 --- [01-Sb-Logging-App] [restartedMain] o.s.b.f.s.DefaultListableBeanFactory     : Creating shared instance of singleton bean 'defaultServletHandlerMapping'
2026-07-09T12:25:05.715+05:30 DEBUG 7336 --- [01-Sb-Logging-App] [restartedMain] o.s.b.f.s.DefaultListableBeanFactory     : Creating shared instance of singleton bean 'requestMappingHandlerAdapter'
2026-07-09T12:25:05.716+05:30 DEBUG 7336 --- [01-Sb-Logging-App] [restartedMain] o.s.b.f.s.DefaultListableBeanFactory     : Autowiring by type from bean name 'requestMappingHandlerAdapter' via factory method to bean named 'mvcContentNegotiationManager'
2026-07-09T12:25:05.717+05:30 DEBUG 7336 --- [01-Sb-Logging-App] [restartedMain] o.s.b.f.s.DefaultListableBeanFactory     : Autowiring by type from bean name 'requestMappingHandlerAdapter' via factory method to bean named 'mvcConversionService'
2026-07-09T12:25:05.717+05:30 DEBUG 7336 --- [01-Sb-Logging-App] [restartedMain] o.s.b.f.s.DefaultListableBeanFactory     : Autowiring by type from bean name 'requestMappingHandlerAdapter' via factory method to bean named 'mvcValidator'
2026-07-09T12:25:05.751+05:30 DEBUG 7336 --- [01-Sb-Logging-App] [restartedMain] s.w.s.m.m.a.RequestMappingHandlerAdapter : ControllerAdvice beans: 0 @ModelAttribute, 0 @InitBinder, 2 RequestBodyAdvice, 1 ResponseBodyAdvice
2026-07-09T12:25:05.791+05:30 DEBUG 7336 --- [01-Sb-Logging-App] [restartedMain] o.s.b.f.s.DefaultListableBeanFactory     : Creating shared instance of singleton bean 'mvcViewResolver'
2026-07-09T12:25:05.792+05:30 DEBUG 7336 --- [01-Sb-Logging-App] [restartedMain] o.s.b.f.s.DefaultListableBeanFactory     : Autowiring by type from bean name 'mvcViewResolver' via factory method to bean named 'mvcContentNegotiationManager'
2026-07-09T12:25:05.796+05:30 DEBUG 7336 --- [01-Sb-Logging-App] [restartedMain] o.s.b.f.s.DefaultListableBeanFactory     : Creating shared instance of singleton bean 'defaultViewResolver'
2026-07-09T12:25:05.804+05:30 DEBUG 7336 --- [01-Sb-Logging-App] [restartedMain] o.s.b.f.s.DefaultListableBeanFactory     : Creating shared instance of singleton bean 'viewResolver'
2026-07-09T12:25:05.805+05:30 DEBUG 7336 --- [01-Sb-Logging-App] [restartedMain] o.s.b.f.s.DefaultListableBeanFactory     : Autowiring by type from bean name 'viewResolver' via factory method to bean named 'org.springframework.beans.factory.support.DefaultListableBeanFactory@52db930c'
2026-07-09T12:25:05.807+05:30 DEBUG 7336 --- [01-Sb-Logging-App] [restartedMain] o.s.b.f.s.DefaultListableBeanFactory     : Creating shared instance of singleton bean 'viewResolver'
2026-07-09T12:25:05.818+05:30 DEBUG 7336 --- [01-Sb-Logging-App] [restartedMain] o.s.b.f.s.DefaultListableBeanFactory     : Creating shared instance of singleton bean 'handlerFunctionAdapter'
2026-07-09T12:25:05.820+05:30 DEBUG 7336 --- [01-Sb-Logging-App] [restartedMain] o.s.b.f.s.DefaultListableBeanFactory     : Creating shared instance of singleton bean 'mvcUriComponentsContributor'
2026-07-09T12:25:05.820+05:30 DEBUG 7336 --- [01-Sb-Logging-App] [restartedMain] o.s.b.f.s.DefaultListableBeanFactory     : Autowiring by type from bean name 'mvcUriComponentsContributor' via factory method to bean named 'mvcConversionService'
2026-07-09T12:25:05.820+05:30 DEBUG 7336 --- [01-Sb-Logging-App] [restartedMain] o.s.b.f.s.DefaultListableBeanFactory     : Autowiring by type from bean name 'mvcUriComponentsContributor' via factory method to bean named 'requestMappingHandlerAdapter'
2026-07-09T12:25:05.823+05:30 DEBUG 7336 --- [01-Sb-Logging-App] [restartedMain] o.s.b.f.s.DefaultListableBeanFactory     : Creating shared instance of singleton bean 'httpRequestHandlerAdapter'
2026-07-09T12:25:05.824+05:30 DEBUG 7336 --- [01-Sb-Logging-App] [restartedMain] o.s.b.f.s.DefaultListableBeanFactory     : Creating shared instance of singleton bean 'simpleControllerHandlerAdapter'
2026-07-09T12:25:05.825+05:30 DEBUG 7336 --- [01-Sb-Logging-App] [restartedMain] o.s.b.f.s.DefaultListableBeanFactory     : Creating shared instance of singleton bean 'handlerExceptionResolver'
2026-07-09T12:25:05.825+05:30 DEBUG 7336 --- [01-Sb-Logging-App] [restartedMain] o.s.b.f.s.DefaultListableBeanFactory     : Autowiring by type from bean name 'handlerExceptionResolver' via factory method to bean named 'mvcContentNegotiationManager'
2026-07-09T12:25:05.832+05:30 DEBUG 7336 --- [01-Sb-Logging-App] [restartedMain] .m.m.a.ExceptionHandlerExceptionResolver : ControllerAdvice beans: 0 @ExceptionHandler, 1 ResponseBodyAdvice
2026-07-09T12:25:05.835+05:30 DEBUG 7336 --- [01-Sb-Logging-App] [restartedMain] o.s.b.f.s.DefaultListableBeanFactory     : Creating shared instance of singleton bean 'org.springframework.boot.autoconfigure.jmx.JmxAutoConfiguration'
2026-07-09T12:25:05.836+05:30 DEBUG 7336 --- [01-Sb-Logging-App] [restartedMain] o.s.b.f.s.DefaultListableBeanFactory     : Creating shared instance of singleton bean 'spring.jmx-org.springframework.boot.autoconfigure.jmx.JmxProperties'
2026-07-09T12:25:05.838+05:30 DEBUG 7336 --- [01-Sb-Logging-App] [restartedMain] o.s.b.f.s.DefaultListableBeanFactory     : Autowiring by type from bean name 'org.springframework.boot.autoconfigure.jmx.JmxAutoConfiguration' via constructor to bean named 'spring.jmx-org.springframework.boot.autoconfigure.jmx.JmxProperties'
2026-07-09T12:25:05.838+05:30 DEBUG 7336 --- [01-Sb-Logging-App] [restartedMain] o.s.b.f.s.DefaultListableBeanFactory     : Creating shared instance of singleton bean 'mbeanExporter'
2026-07-09T12:25:05.839+05:30 DEBUG 7336 --- [01-Sb-Logging-App] [restartedMain] o.s.b.f.s.DefaultListableBeanFactory     : Creating shared instance of singleton bean 'objectNamingStrategy'
2026-07-09T12:25:05.842+05:30 DEBUG 7336 --- [01-Sb-Logging-App] [restartedMain] o.s.b.f.s.DefaultListableBeanFactory     : Autowiring by type from bean name 'mbeanExporter' via factory method to bean named 'objectNamingStrategy'
2026-07-09T12:25:05.843+05:30 DEBUG 7336 --- [01-Sb-Logging-App] [restartedMain] o.s.b.f.s.DefaultListableBeanFactory     : Autowiring by type from bean name 'mbeanExporter' via factory method to bean named 'org.springframework.beans.factory.support.DefaultListableBeanFactory@52db930c'
2026-07-09T12:25:05.854+05:30 DEBUG 7336 --- [01-Sb-Logging-App] [restartedMain] o.s.b.f.s.DefaultListableBeanFactory     : Creating shared instance of singleton bean 'mbeanServer'
2026-07-09T12:25:05.856+05:30 DEBUG 7336 --- [01-Sb-Logging-App] [restartedMain] o.springframework.jmx.support.JmxUtils   : Found MBeanServer: com.sun.jmx.mbeanserver.JmxMBeanServer@2c13da15
2026-07-09T12:25:05.861+05:30 DEBUG 7336 --- [01-Sb-Logging-App] [restartedMain] o.s.b.f.s.DefaultListableBeanFactory     : Creating shared instance of singleton bean 'org.springframework.boot.autoconfigure.admin.SpringApplicationAdminJmxAutoConfiguration'
2026-07-09T12:25:05.861+05:30 DEBUG 7336 --- [01-Sb-Logging-App] [restartedMain] o.s.b.f.s.DefaultListableBeanFactory     : Creating shared instance of singleton bean 'springApplicationAdminRegistrar'
2026-07-09T12:25:05.862+05:30 DEBUG 7336 --- [01-Sb-Logging-App] [restartedMain] o.s.b.f.s.DefaultListableBeanFactory     : Autowiring by type from bean name 'springApplicationAdminRegistrar' via factory method to bean named 'environment'
2026-07-09T12:25:05.867+05:30 DEBUG 7336 --- [01-Sb-Logging-App] [restartedMain] inMXBeanRegistrar$SpringApplicationAdmin : Application Admin MBean registered with name 'org.springframework.boot:type=Admin,name=SpringApplication'
2026-07-09T12:25:05.867+05:30 DEBUG 7336 --- [01-Sb-Logging-App] [restartedMain] o.s.b.f.s.DefaultListableBeanFactory     : Creating shared instance of singleton bean 'org.springframework.boot.autoconfigure.aop.AopAutoConfiguration$ClassProxyingConfiguration'
2026-07-09T12:25:05.867+05:30 DEBUG 7336 --- [01-Sb-Logging-App] [restartedMain] o.s.b.f.s.DefaultListableBeanFactory     : Creating shared instance of singleton bean 'org.springframework.boot.autoconfigure.aop.AopAutoConfiguration'
2026-07-09T12:25:05.868+05:30 DEBUG 7336 --- [01-Sb-Logging-App] [restartedMain] o.s.b.f.s.DefaultListableBeanFactory     : Creating shared instance of singleton bean 'org.springframework.boot.autoconfigure.availability.ApplicationAvailabilityAutoConfiguration'
2026-07-09T12:25:05.868+05:30 DEBUG 7336 --- [01-Sb-Logging-App] [restartedMain] o.s.b.f.s.DefaultListableBeanFactory     : Creating shared instance of singleton bean 'applicationAvailability'
2026-07-09T12:25:05.870+05:30 DEBUG 7336 --- [01-Sb-Logging-App] [restartedMain] o.s.b.f.s.DefaultListableBeanFactory     : Creating shared instance of singleton bean 'org.springframework.boot.autoconfigure.context.ConfigurationPropertiesAutoConfiguration'
2026-07-09T12:25:05.871+05:30 DEBUG 7336 --- [01-Sb-Logging-App] [restartedMain] o.s.b.f.s.DefaultListableBeanFactory     : Creating shared instance of singleton bean 'org.springframework.boot.autoconfigure.context.LifecycleAutoConfiguration'
2026-07-09T12:25:05.871+05:30 DEBUG 7336 --- [01-Sb-Logging-App] [restartedMain] o.s.b.f.s.DefaultListableBeanFactory     : Creating shared instance of singleton bean 'lifecycleProcessor'
2026-07-09T12:25:05.871+05:30 DEBUG 7336 --- [01-Sb-Logging-App] [restartedMain] o.s.b.f.s.DefaultListableBeanFactory     : Creating shared instance of singleton bean 'spring.lifecycle-org.springframework.boot.autoconfigure.context.LifecycleProperties'
2026-07-09T12:25:05.873+05:30 DEBUG 7336 --- [01-Sb-Logging-App] [restartedMain] o.s.b.f.s.DefaultListableBeanFactory     : Autowiring by type from bean name 'lifecycleProcessor' via factory method to bean named 'spring.lifecycle-org.springframework.boot.autoconfigure.context.LifecycleProperties'
2026-07-09T12:25:05.875+05:30 DEBUG 7336 --- [01-Sb-Logging-App] [restartedMain] o.s.b.f.s.DefaultListableBeanFactory     : Creating shared instance of singleton bean 'org.springframework.boot.autoconfigure.info.ProjectInfoAutoConfiguration'
2026-07-09T12:25:05.882+05:30 DEBUG 7336 --- [01-Sb-Logging-App] [restartedMain] o.s.b.f.s.DefaultListableBeanFactory     : Creating shared instance of singleton bean 'spring.info-org.springframework.boot.autoconfigure.info.ProjectInfoProperties'
2026-07-09T12:25:05.884+05:30 DEBUG 7336 --- [01-Sb-Logging-App] [restartedMain] o.s.b.f.s.DefaultListableBeanFactory     : Autowiring by type from bean name 'org.springframework.boot.autoconfigure.info.ProjectInfoAutoConfiguration' via constructor to bean named 'spring.info-org.springframework.boot.autoconfigure.info.ProjectInfoProperties'
2026-07-09T12:25:05.885+05:30 DEBUG 7336 --- [01-Sb-Logging-App] [restartedMain] o.s.b.f.s.DefaultListableBeanFactory     : Creating shared instance of singleton bean 'org.springframework.boot.autoconfigure.task.TaskSchedulingConfigurations$ThreadPoolTaskSchedulerBuilderConfiguration'
2026-07-09T12:25:05.886+05:30 DEBUG 7336 --- [01-Sb-Logging-App] [restartedMain] o.s.b.f.s.DefaultListableBeanFactory     : Creating shared instance of singleton bean 'threadPoolTaskSchedulerBuilder'
2026-07-09T12:25:05.887+05:30 DEBUG 7336 --- [01-Sb-Logging-App] [restartedMain] o.s.b.f.s.DefaultListableBeanFactory     : Creating shared instance of singleton bean 'spring.task.scheduling-org.springframework.boot.autoconfigure.task.TaskSchedulingProperties'
2026-07-09T12:25:05.889+05:30 DEBUG 7336 --- [01-Sb-Logging-App] [restartedMain] o.s.b.f.s.DefaultListableBeanFactory     : Autowiring by type from bean name 'threadPoolTaskSchedulerBuilder' via factory method to bean named 'spring.task.scheduling-org.springframework.boot.autoconfigure.task.TaskSchedulingProperties'
2026-07-09T12:25:05.891+05:30 DEBUG 7336 --- [01-Sb-Logging-App] [restartedMain] o.s.b.f.s.DefaultListableBeanFactory     : Creating shared instance of singleton bean 'org.springframework.boot.autoconfigure.task.TaskSchedulingConfigurations$SimpleAsyncTaskSchedulerBuilderConfiguration'
2026-07-09T12:25:05.894+05:30 DEBUG 7336 --- [01-Sb-Logging-App] [restartedMain] o.s.b.f.s.DefaultListableBeanFactory     : Autowiring by type from bean name 'org.springframework.boot.autoconfigure.task.TaskSchedulingConfigurations$SimpleAsyncTaskSchedulerBuilderConfiguration' via constructor to bean named 'spring.task.scheduling-org.springframework.boot.autoconfigure.task.TaskSchedulingProperties'
2026-07-09T12:25:05.895+05:30 DEBUG 7336 --- [01-Sb-Logging-App] [restartedMain] o.s.b.f.s.DefaultListableBeanFactory     : Creating shared instance of singleton bean 'simpleAsyncTaskSchedulerBuilder'
2026-07-09T12:25:05.898+05:30 DEBUG 7336 --- [01-Sb-Logging-App] [restartedMain] o.s.b.f.s.DefaultListableBeanFactory     : Creating shared instance of singleton bean 'org.springframework.boot.autoconfigure.task.TaskSchedulingAutoConfiguration'
2026-07-09T12:25:05.899+05:30 DEBUG 7336 --- [01-Sb-Logging-App] [restartedMain] o.s.b.f.s.DefaultListableBeanFactory     : Creating shared instance of singleton bean 'org.springframework.boot.devtools.autoconfigure.LocalDevToolsAutoConfiguration$RestartConfiguration'
2026-07-09T12:25:05.900+05:30 DEBUG 7336 --- [01-Sb-Logging-App] [restartedMain] o.s.b.f.s.DefaultListableBeanFactory     : Creating shared instance of singleton bean 'spring.devtools-org.springframework.boot.devtools.autoconfigure.DevToolsProperties'
2026-07-09T12:25:05.903+05:30 DEBUG 7336 --- [01-Sb-Logging-App] [restartedMain] o.s.b.f.s.DefaultListableBeanFactory     : Autowiring by type from bean name 'org.springframework.boot.devtools.autoconfigure.LocalDevToolsAutoConfiguration$RestartConfiguration' via constructor to bean named 'spring.devtools-org.springframework.boot.devtools.autoconfigure.DevToolsProperties'
2026-07-09T12:25:05.903+05:30 DEBUG 7336 --- [01-Sb-Logging-App] [restartedMain] o.s.b.f.s.DefaultListableBeanFactory     : Creating shared instance of singleton bean 'restartingClassPathChangedEventListener'
2026-07-09T12:25:05.903+05:30 DEBUG 7336 --- [01-Sb-Logging-App] [restartedMain] o.s.b.f.s.DefaultListableBeanFactory     : Creating shared instance of singleton bean 'fileSystemWatcherFactory'
2026-07-09T12:25:05.904+05:30 DEBUG 7336 --- [01-Sb-Logging-App] [restartedMain] o.s.b.f.s.DefaultListableBeanFactory     : Autowiring by type from bean name 'restartingClassPathChangedEventListener' via factory method to bean named 'fileSystemWatcherFactory'
2026-07-09T12:25:05.905+05:30 DEBUG 7336 --- [01-Sb-Logging-App] [restartedMain] o.s.b.f.s.DefaultListableBeanFactory     : Creating shared instance of singleton bean 'classPathFileSystemWatcher'
2026-07-09T12:25:05.906+05:30 DEBUG 7336 --- [01-Sb-Logging-App] [restartedMain] o.s.b.f.s.DefaultListableBeanFactory     : Creating shared instance of singleton bean 'classPathRestartStrategy'
2026-07-09T12:25:05.908+05:30 DEBUG 7336 --- [01-Sb-Logging-App] [restartedMain] o.s.b.f.s.DefaultListableBeanFactory     : Autowiring by type from bean name 'classPathFileSystemWatcher' via factory method to bean named 'fileSystemWatcherFactory'
2026-07-09T12:25:05.908+05:30 DEBUG 7336 --- [01-Sb-Logging-App] [restartedMain] o.s.b.f.s.DefaultListableBeanFactory     : Autowiring by type from bean name 'classPathFileSystemWatcher' via factory method to bean named 'classPathRestartStrategy'
2026-07-09T12:25:05.922+05:30 DEBUG 7336 --- [01-Sb-Logging-App] [restartedMain] o.s.b.f.s.DefaultListableBeanFactory     : Creating shared instance of singleton bean 'conditionEvaluationDeltaLoggingListener'
2026-07-09T12:25:05.922+05:30 DEBUG 7336 --- [01-Sb-Logging-App] [restartedMain] o.s.b.f.s.DefaultListableBeanFactory     : Creating shared instance of singleton bean 'org.springframework.boot.devtools.autoconfigure.LocalDevToolsAutoConfiguration'
2026-07-09T12:25:05.923+05:30 DEBUG 7336 --- [01-Sb-Logging-App] [restartedMain] o.s.b.f.s.DefaultListableBeanFactory     : Creating shared instance of singleton bean 'org.springframework.boot.http.converter.autoconfigure.JacksonHttpMessageConvertersConfiguration'
2026-07-09T12:25:05.923+05:30 DEBUG 7336 --- [01-Sb-Logging-App] [restartedMain] o.s.b.f.s.DefaultListableBeanFactory     : Creating shared instance of singleton bean 'org.springframework.boot.http.converter.autoconfigure.Jackson2HttpMessageConvertersConfiguration'
2026-07-09T12:25:05.924+05:30 DEBUG 7336 --- [01-Sb-Logging-App] [restartedMain] o.s.b.f.s.DefaultListableBeanFactory     : Creating shared instance of singleton bean 'clientConvertersCustomizer'
2026-07-09T12:25:05.926+05:30 DEBUG 7336 --- [01-Sb-Logging-App] [restartedMain] o.s.b.f.s.DefaultListableBeanFactory     : Creating shared instance of singleton bean 'multipartResolver'
2026-07-09T12:25:05.948+05:30 DEBUG 7336 --- [01-Sb-Logging-App] [restartedMain] o.s.j.e.a.AnnotationMBeanExporter        : Registering beans for JMX exposure on startup
2026-07-09T12:25:05.948+05:30 DEBUG 7336 --- [01-Sb-Logging-App] [restartedMain] o.s.j.e.a.AnnotationMBeanExporter        : Auto-detecting user-defined JMX MBeans
2026-07-09T12:25:05.973+05:30 DEBUG 7336 --- [01-Sb-Logging-App] [restartedMain] o.s.c.support.DefaultLifecycleProcessor  : Starting beans in phase -2147483647
2026-07-09T12:25:05.974+05:30 DEBUG 7336 --- [01-Sb-Logging-App] [restartedMain] o.s.c.support.DefaultLifecycleProcessor  : Successfully started bean 'springBootLoggingLifecycle'
2026-07-09T12:25:05.974+05:30 DEBUG 7336 --- [01-Sb-Logging-App] [restartedMain] o.s.c.support.DefaultLifecycleProcessor  : Starting beans in phase 1073741823
2026-07-09T12:25:05.974+05:30 DEBUG 7336 --- [01-Sb-Logging-App] [restartedMain] o.s.c.support.DefaultLifecycleProcessor  : Starting beans in phase 2147481599
2026-07-09T12:25:06.011+05:30  INFO 7336 --- [01-Sb-Logging-App] [restartedMain] o.s.boot.tomcat.TomcatWebServer          : Tomcat started on port 8080 (http) with context path '/'
2026-07-09T12:25:06.013+05:30 DEBUG 7336 --- [01-Sb-Logging-App] [restartedMain] o.s.c.support.DefaultLifecycleProcessor  : Successfully started bean 'webServerStartStop'
2026-07-09T12:25:06.013+05:30 DEBUG 7336 --- [01-Sb-Logging-App] [restartedMain] o.s.c.support.DefaultLifecycleProcessor  : Starting beans in phase 2147482623
2026-07-09T12:25:06.013+05:30 DEBUG 7336 --- [01-Sb-Logging-App] [restartedMain] o.s.c.support.DefaultLifecycleProcessor  : Successfully started bean 'webServerGracefulShutdown'
2026-07-09T12:25:06.024+05:30 DEBUG 7336 --- [01-Sb-Logging-App] [restartedMain] .s.b.a.l.ConditionEvaluationReportLogger : 


============================
CONDITIONS EVALUATION REPORT
============================


Positive matches:
-----------------

   AopAutoConfiguration matched:
      - @ConditionalOnBooleanProperty (spring.aop.auto=true) matched (OnPropertyCondition)

   AopAutoConfiguration.ClassProxyingConfiguration matched:
      - @ConditionalOnMissingClass did not find unwanted class 'org.aspectj.weaver.Advice' (OnClassCondition)
      - @ConditionalOnBooleanProperty (spring.aop.proxy-target-class=true) matched (OnPropertyCondition)

   ApplicationAvailabilityAutoConfiguration#applicationAvailability matched:
      - @ConditionalOnMissingBean (types: org.springframework.boot.availability.ApplicationAvailability; SearchStrategy: all) did not find any beans (OnBeanCondition)

   DispatcherServletAutoConfiguration matched:
      - @ConditionalOnClass found required class 'org.springframework.web.servlet.DispatcherServlet' (OnClassCondition)
      - found 'session' scope (OnWebApplicationCondition)

   DispatcherServletAutoConfiguration.DispatcherServletConfiguration matched:
      - @ConditionalOnClass found required class 'jakarta.servlet.ServletRegistration' (OnClassCondition)
      - Default DispatcherServlet did not find dispatcher servlet beans (DispatcherServletAutoConfiguration.DefaultDispatcherServletCondition)

   DispatcherServletAutoConfiguration.DispatcherServletRegistrationConfiguration matched:
      - @ConditionalOnClass found required class 'jakarta.servlet.ServletRegistration' (OnClassCondition)
      - DispatcherServlet Registration did not find servlet registration bean (DispatcherServletAutoConfiguration.DispatcherServletRegistrationCondition)

   DispatcherServletAutoConfiguration.DispatcherServletRegistrationConfiguration#dispatcherServletRegistration matched:
      - @ConditionalOnBean (names: dispatcherServlet types: org.springframework.web.servlet.DispatcherServlet; SearchStrategy: all) found bean 'dispatcherServlet' (OnBeanCondition)

   ErrorMvcAutoConfiguration matched:
      - @ConditionalOnClass found required classes 'jakarta.servlet.Servlet', 'org.springframework.web.servlet.DispatcherServlet' (OnClassCondition)
      - found 'session' scope (OnWebApplicationCondition)

   ErrorMvcAutoConfiguration#basicErrorController matched:
      - @ConditionalOnMissingBean (types: org.springframework.boot.webmvc.error.ErrorController; SearchStrategy: current) did not find any beans (OnBeanCondition)

   ErrorMvcAutoConfiguration#errorAttributes matched:
      - @ConditionalOnMissingBean (types: org.springframework.boot.webmvc.error.ErrorAttributes; SearchStrategy: current) did not find any beans (OnBeanCondition)

   ErrorMvcAutoConfiguration.DefaultErrorViewResolverConfiguration#conventionErrorViewResolver matched:
      - @ConditionalOnBean (types: org.springframework.web.servlet.DispatcherServlet; SearchStrategy: all) found bean 'dispatcherServlet'; @ConditionalOnMissingBean (types: org.springframework.boot.webmvc.autoconfigure.error.ErrorViewResolver; SearchStrategy: all) did not find any beans (OnBeanCondition)

   ErrorMvcAutoConfiguration.WhitelabelErrorViewConfiguration matched:
      - @ConditionalOnBooleanProperty (spring.web.error.whitelabel.enabled=true) matched (OnPropertyCondition)
      - ErrorTemplate Missing did not find error template view (ErrorMvcAutoConfiguration.ErrorTemplateMissingCondition)

   ErrorMvcAutoConfiguration.WhitelabelErrorViewConfiguration#beanNameViewResolver matched:
      - @ConditionalOnMissingBean (types: org.springframework.web.servlet.view.BeanNameViewResolver; SearchStrategy: all) did not find any beans (OnBeanCondition)

   ErrorMvcAutoConfiguration.WhitelabelErrorViewConfiguration#defaultErrorView matched:
      - @ConditionalOnMissingBean (names: error; SearchStrategy: all) did not find any beans (OnBeanCondition)

   HttpEncodingAutoConfiguration matched:
      - @ConditionalOnClass found required class 'org.springframework.web.filter.CharacterEncodingFilter' (OnClassCondition)
      - found 'session' scope (OnWebApplicationCondition)
      - @ConditionalOnBooleanProperty (spring.servlet.encoding.enabled=true) matched (OnPropertyCondition)

   HttpEncodingAutoConfiguration#characterEncodingFilter matched:
      - @ConditionalOnMissingBean (types: org.springframework.web.filter.CharacterEncodingFilter; SearchStrategy: all) did not find any beans (OnBeanCondition)

   HttpMessageConvertersAutoConfiguration matched:
      - @ConditionalOnClass found required class 'org.springframework.http.converter.HttpMessageConverter' (OnClassCondition)
      - NoneNestedConditions 0 matched 1 did not; NestedCondition on HttpMessageConvertersAutoConfiguration.NotReactiveWebApplicationCondition.ReactiveWebApplication did not find reactive web application classes (HttpMessageConvertersAutoConfiguration.NotReactiveWebApplicationCondition)

   HttpMessageConvertersAutoConfiguration.StringHttpMessageConverterConfiguration#stringHttpMessageConvertersCustomizer matched:
      - @ConditionalOnMissingBean (types: org.springframework.http.converter.StringHttpMessageConverter; SearchStrategy: all) did not find any beans (OnBeanCondition)

   JacksonAutoConfiguration matched:
      - @ConditionalOnClass found required class 'tools.jackson.databind.json.JsonMapper' (OnClassCondition)

   JacksonAutoConfiguration#jacksonJsonMapper matched:
      - @ConditionalOnMissingBean (types: tools.jackson.databind.json.JsonMapper; SearchStrategy: all) did not find any beans (OnBeanCondition)

   JacksonAutoConfiguration#jsonFactory matched:
      - @ConditionalOnMissingBean (types: tools.jackson.core.json.JsonFactory; SearchStrategy: all) did not find any beans (OnBeanCondition)

   JacksonAutoConfiguration#jsonMapperBuilder matched:
      - @ConditionalOnMissingBean (types: tools.jackson.databind.json.JsonMapper$Builder; SearchStrategy: all) did not find any beans (OnBeanCondition)

   JacksonAutoConfiguration.JsonProblemDetailsConfiguration matched:
      - @ConditionalOnClass found required class 'org.springframework.http.ProblemDetail' (OnClassCondition)

   JacksonHttpMessageConvertersConfiguration.JacksonJsonHttpMessageConverterConfiguration matched:
      - @ConditionalOnClass found required class 'tools.jackson.databind.json.JsonMapper' (OnClassCondition)
      - @ConditionalOnProperty (spring.http.converters.preferred-json-mapper=jackson) matched (OnPropertyCondition)
      - @ConditionalOnBean (types: tools.jackson.databind.json.JsonMapper; SearchStrategy: all) found bean 'jacksonJsonMapper' (OnBeanCondition)

   JacksonHttpMessageConvertersConfiguration.JacksonJsonHttpMessageConverterConfiguration#jacksonJsonHttpMessageConvertersCustomizer matched:
      - @ConditionalOnMissingBean (types: org.springframework.http.converter.json.JacksonJsonHttpMessageConverter ignored: org.springframework.hateoas.server.mvc.TypeConstrainedJacksonJsonHttpMessageConverter,org.springframework.data.rest.webmvc.alps.AlpsJacksonJsonHttpMessageConverter; SearchStrategy: all) did not find any beans (OnBeanCondition)

   JmxAutoConfiguration matched:
      - @ConditionalOnClass found required class 'org.springframework.jmx.export.MBeanExporter' (OnClassCondition)
      - @ConditionalOnBooleanProperty (spring.jmx.enabled=true) matched (OnPropertyCondition)

   JmxAutoConfiguration#mbeanExporter matched:
      - @ConditionalOnMissingBean (types: org.springframework.jmx.export.MBeanExporter; SearchStrategy: current) did not find any beans (OnBeanCondition)

   JmxAutoConfiguration#mbeanServer matched:
      - @ConditionalOnMissingBean (types: javax.management.MBeanServer; SearchStrategy: all) did not find any beans (OnBeanCondition)

   JmxAutoConfiguration#objectNamingStrategy matched:
      - @ConditionalOnMissingBean (types: org.springframework.jmx.export.naming.ObjectNamingStrategy; SearchStrategy: current) did not find any beans (OnBeanCondition)

   LifecycleAutoConfiguration#defaultLifecycleProcessor matched:
      - @ConditionalOnMissingBean (names: lifecycleProcessor; SearchStrategy: current) did not find any beans (OnBeanCondition)

   LocalDevToolsAutoConfiguration matched:
      - Initialized Restarter Condition available and initialized (OnInitializedRestarterCondition)

   LocalDevToolsAutoConfiguration.RestartConfiguration matched:
      - @ConditionalOnBooleanProperty (spring.devtools.restart.enabled=true) matched (OnPropertyCondition)

   LocalDevToolsAutoConfiguration.RestartConfiguration#classPathFileSystemWatcher matched:
      - @ConditionalOnMissingBean (types: org.springframework.boot.devtools.classpath.ClassPathFileSystemWatcher; SearchStrategy: all) did not find any beans (OnBeanCondition)

   LocalDevToolsAutoConfiguration.RestartConfiguration#classPathRestartStrategy matched:
      - @ConditionalOnMissingBean (types: org.springframework.boot.devtools.classpath.ClassPathRestartStrategy; SearchStrategy: all) did not find any beans (OnBeanCondition)

   LocalDevToolsAutoConfiguration.RestartConfiguration#conditionEvaluationDeltaLoggingListener matched:
      - @ConditionalOnBooleanProperty (spring.devtools.restart.log-condition-evaluation-delta=true) matched (OnPropertyCondition)

   MultipartAutoConfiguration matched:
      - @ConditionalOnClass found required classes 'jakarta.servlet.Servlet', 'org.springframework.web.multipart.support.StandardServletMultipartResolver', 'jakarta.servlet.MultipartConfigElement' (OnClassCondition)
      - found 'session' scope (OnWebApplicationCondition)
      - @ConditionalOnBooleanProperty (spring.servlet.multipart.enabled=true) matched (OnPropertyCondition)

   MultipartAutoConfiguration#multipartConfigElement matched:
      - @ConditionalOnMissingBean (types: jakarta.servlet.MultipartConfigElement; SearchStrategy: all) did not find any beans (OnBeanCondition)

   MultipartAutoConfiguration#multipartResolver matched:
      - @ConditionalOnMissingBean (types: org.springframework.web.multipart.MultipartResolver; SearchStrategy: all) did not find any beans (OnBeanCondition)

   PropertyPlaceholderAutoConfiguration#propertySourcesPlaceholderConfigurer matched:
      - @ConditionalOnMissingBean (types: org.springframework.context.support.PropertySourcesPlaceholderConfigurer; SearchStrategy: current) did not find any beans (OnBeanCondition)

   SpringApplicationAdminJmxAutoConfiguration matched:
      - @ConditionalOnBooleanProperty (spring.application.admin.enabled=true) matched (OnPropertyCondition)

   SpringApplicationAdminJmxAutoConfiguration#springApplicationAdminRegistrar matched:
      - @ConditionalOnMissingBean (types: org.springframework.boot.admin.SpringApplicationAdminMXBeanRegistrar; SearchStrategy: all) did not find any beans (OnBeanCondition)

   SslAutoConfiguration#sslBundleRegistry matched:
      - @ConditionalOnMissingBean (types: org.springframework.boot.ssl.SslBundleRegistry,org.springframework.boot.ssl.SslBundles; SearchStrategy: all) did not find any beans (OnBeanCondition)

   TaskExecutionAutoConfiguration matched:
      - @ConditionalOnClass found required class 'org.springframework.scheduling.concurrent.ThreadPoolTaskExecutor' (OnClassCondition)

   TaskExecutorConfigurations.AsyncConfigurerConfiguration matched:
      - @ConditionalOnMissingBean (types: org.springframework.scheduling.annotation.AsyncConfigurer; SearchStrategy: all) did not find any beans (OnBeanCondition)

   TaskExecutorConfigurations.SimpleAsyncTaskExecutorBuilderConfiguration#simpleAsyncTaskExecutorBuilder matched:
      - @ConditionalOnMissingBean (types: org.springframework.boot.task.SimpleAsyncTaskExecutorBuilder; SearchStrategy: all) did not find any beans (OnBeanCondition)
      - @ConditionalOnThreading found PLATFORM (OnThreadingCondition)

   TaskExecutorConfigurations.TaskExecutorConfiguration matched:
      - AnyNestedCondition 1 matched 1 did not; NestedCondition on TaskExecutorConfigurations.OnExecutorCondition.ModelCondition @ConditionalOnProperty (spring.task.execution.mode=force) did not find property 'spring.task.execution.mode'; NestedCondition on TaskExecutorConfigurations.OnExecutorCondition.ExecutorBeanCondition @ConditionalOnMissingBean (types: java.util.concurrent.Executor; SearchStrategy: all) did not find any beans (TaskExecutorConfigurations.OnExecutorCondition)

   TaskExecutorConfigurations.TaskExecutorConfiguration#applicationTaskExecutor matched:
      - @ConditionalOnThreading found PLATFORM (OnThreadingCondition)

   TaskExecutorConfigurations.ThreadPoolTaskExecutorBuilderConfiguration#threadPoolTaskExecutorBuilder matched:
      - @ConditionalOnMissingBean (types: org.springframework.boot.task.ThreadPoolTaskExecutorBuilder; SearchStrategy: all) did not find any beans (OnBeanCondition)

   TaskSchedulingAutoConfiguration matched:
      - @ConditionalOnClass found required class 'org.springframework.scheduling.concurrent.ThreadPoolTaskScheduler' (OnClassCondition)

   TaskSchedulingConfigurations.SimpleAsyncTaskSchedulerBuilderConfiguration#simpleAsyncTaskSchedulerBuilder matched:
      - @ConditionalOnMissingBean (types: org.springframework.boot.task.SimpleAsyncTaskSchedulerBuilder; SearchStrategy: all) did not find any beans (OnBeanCondition)
      - @ConditionalOnThreading found PLATFORM (OnThreadingCondition)

   TaskSchedulingConfigurations.ThreadPoolTaskSchedulerBuilderConfiguration#threadPoolTaskSchedulerBuilder matched:
      - @ConditionalOnMissingBean (types: org.springframework.boot.task.ThreadPoolTaskSchedulerBuilder; SearchStrategy: all) did not find any beans (OnBeanCondition)

   TomcatServletWebServerAutoConfiguration matched:
      - @ConditionalOnClass found required classes 'jakarta.servlet.ServletRequest', 'org.apache.catalina.startup.Tomcat', 'org.apache.coyote.UpgradeProtocol', 'org.springframework.boot.tomcat.servlet.TomcatServletWebServerFactory' (OnClassCondition)
      - found 'session' scope (OnWebApplicationCondition)

   TomcatServletWebServerAutoConfiguration#tomcatServletWebServerFactory matched:
      - @ConditionalOnMissingBean (types: org.springframework.boot.web.server.servlet.ServletWebServerFactory; SearchStrategy: current) did not find any beans (OnBeanCondition)

   TomcatWebServerConfiguration matched:
      - @ConditionalOnWarDeployment the application is not deployed as a WAR file. (OnWarDeploymentCondition)

   TomcatWebServerConfiguration.TomcatWebSocketConfiguration matched:
      - @ConditionalOnClass found required class 'org.apache.tomcat.websocket.server.WsSci' (OnClassCondition)

   WebMvcAutoConfiguration matched:
      - @ConditionalOnClass found required classes 'jakarta.servlet.Servlet', 'org.springframework.web.servlet.DispatcherServlet', 'org.springframework.web.servlet.config.annotation.WebMvcConfigurer' (OnClassCondition)
      - found 'session' scope (OnWebApplicationCondition)
      - @ConditionalOnMissingBean (types: org.springframework.web.servlet.config.annotation.WebMvcConfigurationSupport; SearchStrategy: all) did not find any beans (OnBeanCondition)

   WebMvcAutoConfiguration#formContentFilter matched:
      - @ConditionalOnBooleanProperty (spring.mvc.formcontent.filter.enabled=true) matched (OnPropertyCondition)
      - @ConditionalOnMissingBean (types: org.springframework.web.filter.FormContentFilter; SearchStrategy: all) did not find any beans (OnBeanCondition)

   WebMvcAutoConfiguration.EnableWebMvcConfiguration#flashMapManager matched:
      - @ConditionalOnMissingBean (names: flashMapManager; SearchStrategy: all) did not find any beans (OnBeanCondition)

   WebMvcAutoConfiguration.EnableWebMvcConfiguration#localeResolver matched:
      - @ConditionalOnMissingBean (names: localeResolver; SearchStrategy: all) did not find any beans (OnBeanCondition)

   WebMvcAutoConfiguration.EnableWebMvcConfiguration#viewNameTranslator matched:
      - @ConditionalOnMissingBean (names: viewNameTranslator; SearchStrategy: all) did not find any beans (OnBeanCondition)

   WebMvcAutoConfiguration.WebMvcAutoConfigurationAdapter#defaultViewResolver matched:
      - @ConditionalOnMissingBean (types: org.springframework.web.servlet.view.InternalResourceViewResolver; SearchStrategy: all) did not find any beans (OnBeanCondition)

   WebMvcAutoConfiguration.WebMvcAutoConfigurationAdapter#requestContextFilter matched:
      - @ConditionalOnMissingBean (types: org.springframework.web.context.request.RequestContextListener,org.springframework.web.filter.RequestContextFilter; SearchStrategy: all) did not find any beans (OnBeanCondition)

   WebMvcAutoConfiguration.WebMvcAutoConfigurationAdapter#viewResolver matched:
      - @ConditionalOnBean (types: org.springframework.web.servlet.ViewResolver; SearchStrategy: all) found beans 'defaultViewResolver', 'beanNameViewResolver', 'mvcViewResolver'; @ConditionalOnMissingBean (names: viewResolver types: org.springframework.web.servlet.view.ContentNegotiatingViewResolver; SearchStrategy: all) did not find any beans (OnBeanCondition)


Negative matches:
-----------------

   AopAutoConfiguration.AspectJAutoProxyingConfiguration:
      Did not match:
         - @ConditionalOnClass did not find required class 'org.aspectj.weaver.Advice' (OnClassCondition)

   DevToolsDataSourceAutoConfiguration:
      Did not match:
         - DevTools DataSource Condition did not find a single DataSource bean (DevToolsDataSourceAutoConfiguration.DevToolsDataSourceCondition)
      Matched:
         - @ConditionalOnClass found required class 'javax.sql.DataSource' (OnClassCondition)
         - Devtools devtools enabled. (OnEnabledDevToolsCondition)

   DevToolsDataSourceAutoConfiguration.DatabaseShutdownExecutorEntityManagerFactoryDependsOnConfiguration:
      Did not match:
         - @ConditionalOnClass did not find required classes 'org.springframework.boot.jpa.autoconfigure.EntityManagerFactoryDependsOnPostProcessor', 'org.springframework.orm.jpa.LocalContainerEntityManagerFactoryBean' (OnClassCondition)
         - Ancestor org.springframework.boot.devtools.autoconfigure.DevToolsDataSourceAutoConfiguration did not match (ConditionEvaluationReport.AncestorsMatchedCondition)

   DevToolsR2dbcAutoConfiguration:
      Did not match:
         - @ConditionalOnClass did not find required class 'io.r2dbc.spi.ConnectionFactory' (OnClassCondition)

   DispatcherServletAutoConfiguration.DispatcherServletConfiguration#multipartResolver:
      Did not match:
         - @ConditionalOnBean (types: org.springframework.web.multipart.MultipartResolver; SearchStrategy: all) did not find any beans of type org.springframework.web.multipart.MultipartResolver (OnBeanCondition)

   GsonHttpMessageConvertersConfiguration:
      Did not match:
         - @ConditionalOnClass did not find required class 'com.google.gson.Gson' (OnClassCondition)

   Jackson2HttpMessageConvertersConfiguration.MappingJackson2HttpMessageConverterConfiguration:
      Did not match:
         - @ConditionalOnClass did not find required class 'com.fasterxml.jackson.databind.ObjectMapper' (OnClassCondition)

   Jackson2HttpMessageConvertersConfiguration.MappingJackson2XmlHttpMessageConverterConfiguration:
      Did not match:
         - @ConditionalOnClass did not find required class 'com.fasterxml.jackson.dataformat.xml.XmlMapper' (OnClassCondition)

   JacksonAutoConfiguration.CborConfiguration:
      Did not match:
         - @ConditionalOnClass did not find required class 'tools.jackson.dataformat.cbor.CBORMapper' (OnClassCondition)

   JacksonAutoConfiguration.XmlConfiguration:
      Did not match:
         - @ConditionalOnClass did not find required class 'tools.jackson.dataformat.xml.XmlMapper' (OnClassCondition)

   JacksonHttpMessageConvertersConfiguration.JacksonXmlHttpMessageConverterConfiguration:
      Did not match:
         - @ConditionalOnClass did not find required class 'tools.jackson.dataformat.xml.XmlMapper' (OnClassCondition)

   JsonbHttpMessageConvertersConfiguration:
      Did not match:
         - @ConditionalOnClass did not find required class 'jakarta.json.bind.Jsonb' (OnClassCondition)

   KotlinSerializationHttpMessageConvertersConfiguration:
      Did not match:
         - @ConditionalOnClass did not find required classes 'kotlinx.serialization.Serializable', 'kotlinx.serialization.json.Json' (OnClassCondition)

   LocalDevToolsAutoConfiguration.LiveReloadConfiguration:
      Did not match:
         - @ConditionalOnBooleanProperty (spring.devtools.livereload.enabled=true) did not find property 'spring.devtools.livereload.enabled' (OnPropertyCondition)

   MessageSourceAutoConfiguration:
      Did not match:
         - ResourceBundle did not find bundle with basename messages (MessageSourceAutoConfiguration.ResourceBundleCondition)

   ProjectInfoAutoConfiguration#buildProperties:
      Did not match:
         - @ConditionalOnResource did not find resource '${spring.info.build.location:classpath:META-INF/build-info.properties}' (OnResourceCondition)

   ProjectInfoAutoConfiguration#gitProperties:
      Did not match:
         - GitResource did not find git info at classpath:git.properties (ProjectInfoAutoConfiguration.GitResourceAvailableCondition)

   RemoteDevToolsAutoConfiguration:
      Did not match:
         - @ConditionalOnProperty (spring.devtools.remote.secret) did not find property 'spring.devtools.remote.secret' (OnPropertyCondition)
      Matched:
         - @ConditionalOnClass found required classes 'jakarta.servlet.Filter', 'org.springframework.http.server.ServerHttpRequest', 'org.springframework.boot.web.server.autoconfigure.ServerProperties' (OnClassCondition)

   ServletHttpExchangesAutoConfiguration:
      Did not match:
         - @ConditionalOnBean did not find required type 'org.springframework.boot.actuate.web.exchanges.HttpExchangeRepository' (OnBeanCondition)

   ServletManagementContextAutoConfiguration:
      Did not match:
         - @ConditionalOnClass did not find required class 'org.springframework.boot.actuate.autoconfigure.endpoint.web.WebEndpointProperties' (OnClassCondition)

   ServletMappingsAutoConfiguration:
      Did not match:
         - @ConditionalOnClass did not find required class 'org.springframework.boot.actuate.autoconfigure.endpoint.condition.ConditionalOnAvailableEndpoint' (OnClassCondition)

   ServletWebServerConfiguration#forwardedHeaderFilter:
      Did not match:
         - @ConditionalOnProperty (server.forward-headers-strategy=framework) did not find property 'server.forward-headers-strategy' (OnPropertyCondition)

   TaskExecutorConfigurations.AsyncConfigurerWrapperConfiguration:
      Did not match:
         - @ConditionalOnBean (types: org.springframework.scheduling.annotation.AsyncConfigurer; SearchStrategy: all) did not find any beans of type org.springframework.scheduling.annotation.AsyncConfigurer (OnBeanCondition)

   TaskExecutorConfigurations.SimpleAsyncTaskExecutorBuilderConfiguration#simpleAsyncTaskExecutorBuilderVirtualThreads:
      Did not match:
         - @ConditionalOnMissingBean (types: org.springframework.boot.task.SimpleAsyncTaskExecutorBuilder; SearchStrategy: all) found beans of type 'org.springframework.boot.task.SimpleAsyncTaskExecutorBuilder' simpleAsyncTaskExecutorBuilder (OnBeanCondition)

   TaskExecutorConfigurations.TaskExecutorConfiguration#applicationTaskExecutorVirtualThreads:
      Did not match:
         - @ConditionalOnThreading did not find VIRTUAL (OnThreadingCondition)

   TaskExecutorConfigurations.TaskExecutorContextPropagationConfiguration:
      Did not match:
         - @ConditionalOnClass did not find required class 'io.micrometer.context.ContextSnapshot' (OnClassCondition)

   TaskSchedulingAutoConfiguration#scheduledBeanLazyInitializationExcludeFilter:
      Did not match:
         - @ConditionalOnBean (names: org.springframework.scheduling.config.internalScheduledAnnotationProcessor; SearchStrategy: all) did not find any beans named org.springframework.scheduling.config.internalScheduledAnnotationProcessor (OnBeanCondition)

   TaskSchedulingConfigurations.SimpleAsyncTaskSchedulerBuilderConfiguration#simpleAsyncTaskSchedulerBuilderVirtualThreads:
      Did not match:
         - @ConditionalOnMissingBean (types: org.springframework.boot.task.SimpleAsyncTaskSchedulerBuilder; SearchStrategy: all) found beans of type 'org.springframework.boot.task.SimpleAsyncTaskSchedulerBuilder' simpleAsyncTaskSchedulerBuilder (OnBeanCondition)

   TaskSchedulingConfigurations.TaskSchedulerConfiguration:
      Did not match:
         - @ConditionalOnBean (names: org.springframework.scheduling.config.internalScheduledAnnotationProcessor; SearchStrategy: all) did not find any beans named org.springframework.scheduling.config.internalScheduledAnnotationProcessor (OnBeanCondition)

   TomcatMetricsAutoConfiguration:
      Did not match:
         - @ConditionalOnClass did not find required class 'io.micrometer.core.instrument.binder.tomcat.TomcatMetrics' (OnClassCondition)

   TomcatReactiveManagementContextAutoConfiguration:
      Did not match:
         - @ConditionalOnClass did not find required class 'org.springframework.boot.actuate.autoconfigure.web.server.ManagementContextFactory' (OnClassCondition)

   TomcatReactiveWebServerAutoConfiguration:
      Did not match:
         - @ConditionalOnWebApplication did not find reactive web application classes (OnWebApplicationCondition)

   TomcatServletManagementContextAutoConfiguration:
      Did not match:
         - @ConditionalOnClass did not find required class 'org.springframework.boot.actuate.autoconfigure.web.server.ManagementContextFactory' (OnClassCondition)

   TomcatServletWebServerAutoConfiguration#tomcatForwardedHeaderFilterCustomizer:
      Did not match:
         - @ConditionalOnProperty (server.forward-headers-strategy=framework) did not find property 'server.forward-headers-strategy' (OnPropertyCondition)

   TomcatWebServerConfiguration#tomcatVirtualThreadsProtocolHandlerCustomizer:
      Did not match:
         - @ConditionalOnThreading did not find VIRTUAL (OnThreadingCondition)

   WebMvcAutoConfiguration#hiddenHttpMethodFilter:
      Did not match:
         - @ConditionalOnBooleanProperty (spring.mvc.hiddenmethod.filter.enabled=true) did not find property 'spring.mvc.hiddenmethod.filter.enabled' (OnPropertyCondition)

   WebMvcAutoConfiguration.ProblemDetailsErrorHandlingConfiguration:
      Did not match:
         - @ConditionalOnBooleanProperty (spring.mvc.problemdetails.enabled=true) did not find property 'spring.mvc.problemdetails.enabled' (OnPropertyCondition)

   WebMvcAutoConfiguration.ResourceChainCustomizerConfiguration:
      Did not match:
         - @ConditionalOnEnabledResourceChain did not find class org.webjars.WebJarVersionLocator (OnEnabledResourceChainCondition)

   WebMvcAutoConfiguration.WebMvcAutoConfigurationAdapter#beanNameViewResolver:
      Did not match:
         - @ConditionalOnMissingBean (types: org.springframework.web.servlet.view.BeanNameViewResolver; SearchStrategy: all) found beans of type 'org.springframework.web.servlet.view.BeanNameViewResolver' beanNameViewResolver (OnBeanCondition)

   WebMvcHealthEndpointExtensionAutoConfiguration:
      Did not match:
         - @ConditionalOnClass did not find required class 'org.springframework.boot.health.actuate.endpoint.HealthEndpoint' (OnClassCondition)

   WebMvcMappingsAutoConfiguration:
      Did not match:
         - @ConditionalOnClass did not find required class 'org.springframework.boot.actuate.autoconfigure.endpoint.condition.ConditionalOnAvailableEndpoint' (OnClassCondition)

   WebMvcObservationAutoConfiguration:
      Did not match:
         - @ConditionalOnClass did not find required class 'org.springframework.boot.micrometer.observation.autoconfigure.ObservationProperties' (OnClassCondition)


Exclusions:
-----------

    None


Unconditional classes:
----------------------

    org.springframework.boot.autoconfigure.context.ConfigurationPropertiesAutoConfiguration

    org.springframework.boot.autoconfigure.ssl.SslAutoConfiguration

    org.springframework.boot.autoconfigure.context.LifecycleAutoConfiguration

    org.springframework.boot.autoconfigure.context.PropertyPlaceholderAutoConfiguration

    org.springframework.boot.autoconfigure.availability.ApplicationAvailabilityAutoConfiguration

    org.springframework.boot.autoconfigure.info.ProjectInfoAutoConfiguration



2026-07-09T12:25:06.032+05:30  INFO 7336 --- [01-Sb-Logging-App] [restartedMain] com.example.Application                  : Started Application in 3.799 seconds (process running for 5.257)
2026-07-09T12:25:06.035+05:30 DEBUG 7336 --- [01-Sb-Logging-App] [restartedMain] o.s.b.a.ApplicationAvailabilityBean      : Application availability state LivenessState changed to CORRECT
2026-07-09T12:25:06.037+05:30 DEBUG 7336 --- [01-Sb-Logging-App] [restartedMain] o.s.boot.devtools.restart.Restarter      : Creating new Restarter for thread Thread[main,5,main]
2026-07-09T12:25:06.037+05:30 DEBUG 7336 --- [01-Sb-Logging-App] [restartedMain] o.s.boot.devtools.restart.Restarter      : Immediately restarting application
2026-07-09T12:25:06.037+05:30 DEBUG 7336 --- [01-Sb-Logging-App] [restartedMain] o.s.boot.devtools.restart.Restarter      : Starting application com.example.Application with URLs [file:/C:/Java%20Workplace/Spring-Workplace/01-Sb-Logging-App/target/classes/]
2026-07-09T12:25:06.038+05:30 DEBUG 7336 --- [01-Sb-Logging-App] [restartedMain] o.s.b.a.ApplicationAvailabilityBean      : Application availability state ReadinessState changed to ACCEPTING_TRAFFIC
2026-07-09T12:25:06.041+05:30 DEBUG 7336 --- [01-Sb-Logging-App] [RMI TCP Connection(2)-127.0.0.1] sun.rmi.transport.tcp                    : RMI TCP Connection(2)-127.0.0.1: (port 22336) op = 82
2026-07-09T12:25:06.042+05:30 DEBUG 7336 --- [01-Sb-Logging-App] [RMI TCP Connection(2)-127.0.0.1] sun.rmi.transport.tcp                    : RMI TCP Connection(2)-127.0.0.1: (port 22336) op = 80
2026-07-09T12:25:06.042+05:30 DEBUG 7336 --- [01-Sb-Logging-App] [RMI TCP Connection(2)-127.0.0.1] sun.rmi.loader                           : RMI TCP Connection(2)-127.0.0.1: name = "javax.management.ObjectName", codebase = ""
2026-07-09T12:25:06.042+05:30 DEBUG 7336 --- [01-Sb-Logging-App] [RMI TCP Connection(2)-127.0.0.1] javax.management.remote.rmi              : connectionId=rmi://127.0.0.1  1, name=org.springframework.boot:type=Admin,name=SpringApplication, attribute=Ready
2026-07-09T12:25:16.700+05:30 DEBUG 7336 --- [01-Sb-Logging-App] [RMI TCP Connection(2)-127.0.0.1] sun.rmi.transport.tcp                    : RMI TCP Connection(2)-127.0.0.1: (port 22336) op = 82
2026-07-09T12:25:16.701+05:30 DEBUG 7336 --- [01-Sb-Logging-App] [RMI TCP Connection(2)-127.0.0.1] sun.rmi.transport.tcp                    : RMI TCP Connection(2)-127.0.0.1: (port 22336) op = 80
2026-07-09T12:25:16.702+05:30 DEBUG 7336 --- [01-Sb-Logging-App] [RMI TCP Connection(2)-127.0.0.1] sun.rmi.loader                           : RMI TCP Connection(2)-127.0.0.1: name = "[Ljava.rmi.server.ObjID;", codebase = "", defaultLoader = jdk.internal.loader.ClassLoaders$PlatformClassLoader@e1ce65d
2026-07-09T12:25:16.702+05:30 DEBUG 7336 --- [01-Sb-Logging-App] [RMI TCP Connection(2)-127.0.0.1] sun.rmi.loader                           : RMI TCP Connection(2)-127.0.0.1: name = "java.rmi.server.ObjID", codebase = "", defaultLoader = jdk.internal.loader.ClassLoaders$PlatformClassLoader@e1ce65d
2026-07-09T12:25:16.703+05:30 DEBUG 7336 --- [01-Sb-Logging-App] [RMI TCP Connection(2)-127.0.0.1] sun.rmi.loader                           : RMI TCP Connection(2)-127.0.0.1: name = "java.rmi.server.UID", codebase = "", defaultLoader = jdk.internal.loader.ClassLoaders$PlatformClassLoader@e1ce65d
2026-07-09T12:25:16.705+05:30 DEBUG 7336 --- [01-Sb-Logging-App] [RMI TCP Connection(2)-127.0.0.1] sun.rmi.loader                           : RMI TCP Connection(2)-127.0.0.1: name = "java.rmi.dgc.VMID", codebase = "", defaultLoader = jdk.internal.loader.ClassLoaders$PlatformClassLoader@e1ce65d
2026-07-09T12:25:16.705+05:30 DEBUG 7336 --- [01-Sb-Logging-App] [RMI TCP Connection(2)-127.0.0.1] sun.rmi.loader                           : RMI TCP Connection(2)-127.0.0.1: name = "[B", codebase = "", defaultLoader = jdk.internal.loader.ClassLoaders$PlatformClassLoader@e1ce65d
2026-07-09T12:25:31.824+05:30 DEBUG 7336 --- [01-Sb-Logging-App] [RMI TCP Connection(1)-127.0.0.1] sun.rmi.transport.tcp                    : RMI TCP Connection(1)-127.0.0.1: (port 22333) connection closed
2026-07-09T12:25:31.825+05:30 DEBUG 7336 --- [01-Sb-Logging-App] [RMI TCP Connection(1)-127.0.0.1] sun.rmi.transport.tcp                    : RMI TCP Connection(1)-127.0.0.1: close connection, socket: Socket[addr=/127.0.0.1,port=22338,localport=22333]
2026-07-09T12:25:31.826+05:30 DEBUG 7336 --- [01-Sb-Logging-App] [RMI TCP Connection(1)-127.0.0.1] sun.rmi.transport.tcp                    : RMI TCP Connection(1)-127.0.0.1: socket close: Socket[addr=/127.0.0.1,port=22338,localport=22333]
2026-07-09T12:25:31.839+05:30 DEBUG 7336 --- [01-Sb-Logging-App] [RMI TCP Connection(2)-127.0.0.1] sun.rmi.transport.tcp                    : RMI TCP Connection(2)-127.0.0.1: (port 22336) connection closed
2026-07-09T12:25:31.839+05:30 DEBUG 7336 --- [01-Sb-Logging-App] [RMI TCP Connection(2)-127.0.0.1] sun.rmi.transport.tcp                    : RMI TCP Connection(2)-127.0.0.1: close connection, socket: Socket[addr=/127.0.0.1,port=22339,localport=22336]
2026-07-09T12:25:31.840+05:30 DEBUG 7336 --- [01-Sb-Logging-App] [RMI TCP Connection(2)-127.0.0.1] sun.rmi.transport.tcp                    : RMI TCP Connection(2)-127.0.0.1: socket close: Socket[addr=/127.0.0.1,port=22339,localport=22336]
2026-07-09T12:26:01.883+05:30 DEBUG 7336 --- [01-Sb-Logging-App] [RMI TCP Connection(3)-127.0.0.1] sun.rmi.transport.tcp                    : RMI TCP Connection(3)-127.0.0.1: accepted socket from [127.0.0.1:22342]
2026-07-09T12:26:01.886+05:30 DEBUG 7336 --- [01-Sb-Logging-App] [RMI TCP Connection(3)-127.0.0.1] sun.rmi.transport.tcp                    : RMI TCP Connection(3)-127.0.0.1: (port 22336) op = 80
2026-07-09T12:26:01.886+05:30 DEBUG 7336 --- [01-Sb-Logging-App] [RMI TCP Connection(3)-127.0.0.1] javax.management.remote.rmi              : connectionId=rmi://127.0.0.1  1
2026-07-09T12:26:16.887+05:30 DEBUG 7336 --- [01-Sb-Logging-App] [RMI TCP Connection(3)-127.0.0.1] sun.rmi.transport.tcp                    : RMI TCP Connection(3)-127.0.0.1: (port 22336) connection closed
2026-07-09T12:26:16.888+05:30 DEBUG 7336 --- [01-Sb-Logging-App] [RMI TCP Connection(3)-127.0.0.1] sun.rmi.transport.tcp                    : RMI TCP Connection(3)-127.0.0.1: close connection, socket: Socket[addr=/127.0.0.1,port=22342,localport=22336]
2026-07-09T12:26:16.889+05:30 DEBUG 7336 --- [01-Sb-Logging-App] [RMI TCP Connection(3)-127.0.0.1] sun.rmi.transport.tcp                    : RMI TCP Connection(3)-127.0.0.1: socket close: Socket[addr=/127.0.0.1,port=22342,localport=22336]
2026-07-09T12:26:20.612+05:30 DEBUG 7336 --- [01-Sb-Logging-App] [RMI TCP Connection(4)-127.0.0.1] sun.rmi.transport.tcp                    : RMI TCP Connection(4)-127.0.0.1: accepted socket from [127.0.0.1:22343]
2026-07-09T12:26:20.614+05:30 DEBUG 7336 --- [01-Sb-Logging-App] [RMI TCP Connection(4)-127.0.0.1] sun.rmi.transport.tcp                    : RMI TCP Connection(4)-127.0.0.1: (port 22333) op = 80
2026-07-09T12:26:20.618+05:30 DEBUG 7336 --- [01-Sb-Logging-App] [RMI TCP Connection(5)-127.0.0.1] sun.rmi.transport.tcp                    : RMI TCP Connection(5)-127.0.0.1: accepted socket from [127.0.0.1:22344]
2026-07-09T12:26:20.619+05:30 DEBUG 7336 --- [01-Sb-Logging-App] [RMI TCP Connection(5)-127.0.0.1] sun.rmi.transport.tcp                    : RMI TCP Connection(5)-127.0.0.1: (port 22336) op = 80
2026-07-09T12:26:20.620+05:30 DEBUG 7336 --- [01-Sb-Logging-App] [RMI TCP Connection(5)-127.0.0.1] sun.rmi.loader                           : RMI TCP Connection(5)-127.0.0.1: name = "[Ljava.rmi.server.ObjID;", codebase = "", defaultLoader = jdk.internal.loader.ClassLoaders$PlatformClassLoader@e1ce65d
2026-07-09T12:26:20.620+05:30 DEBUG 7336 --- [01-Sb-Logging-App] [RMI TCP Connection(5)-127.0.0.1] sun.rmi.loader                           : RMI TCP Connection(5)-127.0.0.1: name = "java.rmi.server.ObjID", codebase = "", defaultLoader = jdk.internal.loader.ClassLoaders$PlatformClassLoader@e1ce65d
2026-07-09T12:26:20.621+05:30 DEBUG 7336 --- [01-Sb-Logging-App] [RMI TCP Connection(5)-127.0.0.1] sun.rmi.loader                           : RMI TCP Connection(5)-127.0.0.1: name = "java.rmi.server.UID", codebase = "", defaultLoader = jdk.internal.loader.ClassLoaders$PlatformClassLoader@e1ce65d
2026-07-09T12:26:20.621+05:30 DEBUG 7336 --- [01-Sb-Logging-App] [RMI TCP Connection(5)-127.0.0.1] sun.rmi.loader                           : RMI TCP Connection(5)-127.0.0.1: name = "java.rmi.dgc.Lease", codebase = "", defaultLoader = jdk.internal.loader.ClassLoaders$PlatformClassLoader@e1ce65d
2026-07-09T12:26:20.622+05:30 DEBUG 7336 --- [01-Sb-Logging-App] [RMI TCP Connection(5)-127.0.0.1] sun.rmi.loader                           : RMI TCP Connection(5)-127.0.0.1: name = "java.rmi.dgc.VMID", codebase = "", defaultLoader = jdk.internal.loader.ClassLoaders$PlatformClassLoader@e1ce65d
2026-07-09T12:26:20.622+05:30 DEBUG 7336 --- [01-Sb-Logging-App] [RMI TCP Connection(5)-127.0.0.1] sun.rmi.loader                           : RMI TCP Connection(5)-127.0.0.1: name = "[B", codebase = "", defaultLoader = jdk.internal.loader.ClassLoaders$PlatformClassLoader@e1ce65d
2026-07-09T12:26:20.623+05:30 DEBUG 7336 --- [01-Sb-Logging-App] [RMI TCP Connection(4)-127.0.0.1] sun.rmi.transport.tcp                    : RMI TCP Connection(4)-127.0.0.1: (port 22333) op = 82
2026-07-09T12:26:20.624+05:30 DEBUG 7336 --- [01-Sb-Logging-App] [RMI TCP Connection(4)-127.0.0.1] sun.rmi.transport.tcp                    : RMI TCP Connection(4)-127.0.0.1: (port 22333) op = 84
2026-07-09T12:26:20.624+05:30 DEBUG 7336 --- [01-Sb-Logging-App] [RMI TCP Connection(5)-127.0.0.1] sun.rmi.transport.tcp                    : RMI TCP Connection(5)-127.0.0.1: (port 22336) op = 80
2026-07-09T12:26:20.627+05:30 DEBUG 7336 --- [01-Sb-Logging-App] [RMI TCP Connection(5)-127.0.0.1] sun.rmi.transport.tcp                    : RMI TCP Connection(5)-127.0.0.1: (port 22336) op = 80
2026-07-09T12:26:20.627+05:30 DEBUG 7336 --- [01-Sb-Logging-App] [RMI TCP Connection(5)-127.0.0.1] sun.rmi.loader                           : RMI TCP Connection(5)-127.0.0.1: name = "[Ljava.rmi.server.ObjID;", codebase = "", defaultLoader = jdk.internal.loader.ClassLoaders$PlatformClassLoader@e1ce65d
2026-07-09T12:26:20.628+05:30 DEBUG 7336 --- [01-Sb-Logging-App] [RMI TCP Connection(5)-127.0.0.1] sun.rmi.loader                           : RMI TCP Connection(5)-127.0.0.1: name = "java.rmi.server.ObjID", codebase = "", defaultLoader = jdk.internal.loader.ClassLoaders$PlatformClassLoader@e1ce65d
2026-07-09T12:26:20.628+05:30 DEBUG 7336 --- [01-Sb-Logging-App] [RMI TCP Connection(5)-127.0.0.1] sun.rmi.loader                           : RMI TCP Connection(5)-127.0.0.1: name = "java.rmi.server.UID", codebase = "", defaultLoader = jdk.internal.loader.ClassLoaders$PlatformClassLoader@e1ce65d
2026-07-09T12:26:20.629+05:30 DEBUG 7336 --- [01-Sb-Logging-App] [RMI TCP Connection(5)-127.0.0.1] sun.rmi.loader                           : RMI TCP Connection(5)-127.0.0.1: name = "java.rmi.dgc.Lease", codebase = "", defaultLoader = jdk.internal.loader.ClassLoaders$PlatformClassLoader@e1ce65d
2026-07-09T12:26:20.629+05:30 DEBUG 7336 --- [01-Sb-Logging-App] [RMI TCP Connection(5)-127.0.0.1] sun.rmi.loader                           : RMI TCP Connection(5)-127.0.0.1: name = "java.rmi.dgc.VMID", codebase = "", defaultLoader = jdk.internal.loader.ClassLoaders$PlatformClassLoader@e1ce65d
2026-07-09T12:26:20.630+05:30 DEBUG 7336 --- [01-Sb-Logging-App] [RMI TCP Connection(5)-127.0.0.1] sun.rmi.loader                           : RMI TCP Connection(5)-127.0.0.1: name = "[B", codebase = "", defaultLoader = jdk.internal.loader.ClassLoaders$PlatformClassLoader@e1ce65d
2026-07-09T12:26:20.632+05:30 DEBUG 7336 --- [01-Sb-Logging-App] [RMI TCP Connection(5)-127.0.0.1] sun.rmi.transport.tcp                    : RMI TCP Connection(5)-127.0.0.1: (port 22336) op = 84
2026-07-09T12:26:20.632+05:30 DEBUG 7336 --- [01-Sb-Logging-App] [RMI TCP Connection(5)-127.0.0.1] sun.rmi.transport.tcp                    : RMI TCP Connection(5)-127.0.0.1: (port 22336) op = 80
2026-07-09T12:26:20.634+05:30 DEBUG 7336 --- [01-Sb-Logging-App] [RMI TCP Connection(5)-127.0.0.1] sun.rmi.transport.tcp                    : RMI TCP Connection(5)-127.0.0.1: (port 22336) op = 80
2026-07-09T12:26:20.634+05:30 DEBUG 7336 --- [01-Sb-Logging-App] [RMI TCP Connection(5)-127.0.0.1] sun.rmi.loader                           : RMI TCP Connection(5)-127.0.0.1: name = "javax.management.ObjectName", codebase = ""
2026-07-09T12:26:20.635+05:30 DEBUG 7336 --- [01-Sb-Logging-App] [RMI TCP Connection(5)-127.0.0.1] sun.rmi.loader                           : RMI TCP Connection(5)-127.0.0.1: name = "java.rmi.MarshalledObject", codebase = ""
2026-07-09T12:26:20.636+05:30 DEBUG 7336 --- [01-Sb-Logging-App] [RMI TCP Connection(5)-127.0.0.1] javax.management.remote.rmi              : connectionId=rmi://127.0.0.1  2 unwrapping params with MBean extended ClassLoader.
2026-07-09T12:26:20.637+05:30 DEBUG 7336 --- [01-Sb-Logging-App] [RMI TCP Connection(5)-127.0.0.1] javax.management.remote.rmi              : connectionId=rmi://127.0.0.1  2, name=org.springframework.boot:type=Admin,name=SpringApplication, operationName=shutdown, signature=null
2026-07-09T12:26:20.638+05:30  INFO 7336 --- [01-Sb-Logging-App] [RMI TCP Connection(5)-127.0.0.1] inMXBeanRegistrar$SpringApplicationAdmin : Application shutdown requested.
2026-07-09T12:26:20.638+05:30 DEBUG 7336 --- [01-Sb-Logging-App] [RMI TCP Connection(5)-127.0.0.1] o.s.b.a.ApplicationAvailabilityBean      : Application availability state ReadinessState changed from ACCEPTING_TRAFFIC to REFUSING_TRAFFIC
2026-07-09T12:26:20.639+05:30 DEBUG 7336 --- [01-Sb-Logging-App] [RMI TCP Connection(5)-127.0.0.1] ConfigServletWebServerApplicationContext : Closing org.springframework.boot.web.server.servlet.context.AnnotationConfigServletWebServerApplicationContext@37016b5c, started on Thu Jul 09 12:25:03 IST 2026
2026-07-09T12:26:20.642+05:30 DEBUG 7336 --- [01-Sb-Logging-App] [RMI TCP Connection(5)-127.0.0.1] o.s.c.support.DefaultLifecycleProcessor  : Stopping beans in phase 2147482623
2026-07-09T12:26:20.645+05:30  INFO 7336 --- [01-Sb-Logging-App] [RMI TCP Connection(5)-127.0.0.1] o.s.boot.tomcat.GracefulShutdown         : Commencing graceful shutdown. Waiting for active requests to complete
2026-07-09T12:26:20.966+05:30  INFO 7336 --- [01-Sb-Logging-App] [tomcat-shutdown] o.s.boot.tomcat.GracefulShutdown         : Graceful shutdown complete
2026-07-09T12:26:20.967+05:30 DEBUG 7336 --- [01-Sb-Logging-App] [tomcat-shutdown] o.s.c.support.DefaultLifecycleProcessor  : Bean 'webServerGracefulShutdown' completed its stop procedure
2026-07-09T12:26:20.967+05:30 DEBUG 7336 --- [01-Sb-Logging-App] [RMI TCP Connection(5)-127.0.0.1] o.s.c.support.DefaultLifecycleProcessor  : Stopping beans in phase 2147481599
2026-07-09T12:26:20.971+05:30 DEBUG 7336 --- [01-Sb-Logging-App] [RMI TCP Connection(5)-127.0.0.1] o.s.c.support.DefaultLifecycleProcessor  : Bean 'webServerStartStop' completed its stop procedure
2026-07-09T12:26:20.971+05:30 DEBUG 7336 --- [01-Sb-Logging-App] [RMI TCP Connection(5)-127.0.0.1] o.s.c.support.DefaultLifecycleProcessor  : Stopping beans in phase 1073741823
2026-07-09T12:26:20.972+05:30 DEBUG 7336 --- [01-Sb-Logging-App] [RMI TCP Connection(5)-127.0.0.1] o.s.c.support.DefaultLifecycleProcessor  : Bean 'applicationTaskExecutor' completed its stop procedure
2026-07-09T12:26:20.972+05:30 DEBUG 7336 --- [01-Sb-Logging-App] [RMI TCP Connection(5)-127.0.0.1] o.s.c.support.DefaultLifecycleProcessor  : Stopping beans in phase -2147483647
2026-07-09T12:26:20.972+05:30 DEBUG 7336 --- [01-Sb-Logging-App] [RMI TCP Connection(5)-127.0.0.1] o.s.c.support.DefaultLifecycleProcessor  : Bean 'springBootLoggingLifecycle' completed its stop procedure
2026-07-09T12:26:20.973+05:30 DEBUG 7336 --- [01-Sb-Logging-App] [RMI TCP Connection(5)-127.0.0.1] o.s.j.e.a.AnnotationMBeanExporter        : Unregistering JMX-exposed beans on shutdown
2026-07-09T12:26:20.974+05:30 DEBUG 7336 --- [01-Sb-Logging-App] [RMI TCP Connection(5)-127.0.0.1] o.s.s.concurrent.ThreadPoolTaskExecutor  : Shutting down ExecutorService 'applicationTaskExecutor'
2026-07-09T12:34:52.870+05:30  INFO 6388 --- [01-Sb-Logging-App] [restartedMain] com.example.Application                  : Starting Application using Java 17.0.11 with PID 6388 (C:\Java Workplace\Spring-Workplace\01-Sb-Logging-App\target\classes started by Admin in C:\Java Workplace\Spring-Workplace\01-Sb-Logging-App)
2026-07-09T12:34:52.878+05:30 DEBUG 6388 --- [01-Sb-Logging-App] [restartedMain] com.example.Application                  : Running with Spring Boot v4.1.0, Spring v7.0.8
2026-07-09T12:34:52.882+05:30  INFO 6388 --- [01-Sb-Logging-App] [restartedMain] com.example.Application                  : No active profile set, falling back to 1 default profile: "default"
2026-07-09T12:34:52.885+05:30 DEBUG 6388 --- [01-Sb-Logging-App] [restartedMain] o.s.boot.SpringApplication               : Loading source class com.example.Application
2026-07-09T12:34:53.006+05:30 DEBUG 6388 --- [01-Sb-Logging-App] [RMI TCP Connection(2)-127.0.0.1] sun.rmi.transport.tcp                    : RMI TCP Connection(2)-127.0.0.1: (port 22381) op = 82
2026-07-09T12:34:53.007+05:30 DEBUG 6388 --- [01-Sb-Logging-App] [RMI TCP Connection(2)-127.0.0.1] sun.rmi.transport.tcp                    : RMI TCP Connection(2)-127.0.0.1: (port 22381) op = 80
2026-07-09T12:34:53.008+05:30 DEBUG 6388 --- [01-Sb-Logging-App] [RMI TCP Connection(2)-127.0.0.1] sun.rmi.loader                           : RMI TCP Connection(2)-127.0.0.1: name = "javax.management.ObjectName", codebase = ""
2026-07-09T12:34:53.010+05:30 DEBUG 6388 --- [01-Sb-Logging-App] [RMI TCP Connection(2)-127.0.0.1] javax.management.remote.rmi              : connectionId=rmi://127.0.0.1  1, name=org.springframework.boot:type=Admin,name=SpringApplication, attribute=Ready
2026-07-09T12:34:53.011+05:30 DEBUG 6388 --- [01-Sb-Logging-App] [RMI TCP Connection(2)-127.0.0.1] sun.rmi.server.call                      : RMI TCP Connection(2)-127.0.0.1: [127.0.0.1] exception: 

javax.management.InstanceNotFoundException: org.springframework.boot:type=Admin,name=SpringApplication
	at java.management/com.sun.jmx.interceptor.DefaultMBeanServerInterceptor.getMBean(DefaultMBeanServerInterceptor.java:1088) ~[na:na]
	at java.management/com.sun.jmx.interceptor.DefaultMBeanServerInterceptor.getAttribute(DefaultMBeanServerInterceptor.java:640) ~[na:na]
	at java.management/com.sun.jmx.mbeanserver.JmxMBeanServer.getAttribute(JmxMBeanServer.java:679) ~[na:na]
	at java.management.rmi/javax.management.remote.rmi.RMIConnectionImpl.doOperation(RMIConnectionImpl.java:1449) ~[na:na]
	at java.management.rmi/javax.management.remote.rmi.RMIConnectionImpl$PrivilegedOperation.run(RMIConnectionImpl.java:1310) ~[na:na]
	at java.management.rmi/javax.management.remote.rmi.RMIConnectionImpl.doPrivilegedOperation(RMIConnectionImpl.java:1405) ~[na:na]
	at java.management.rmi/javax.management.remote.rmi.RMIConnectionImpl.getAttribute(RMIConnectionImpl.java:639) ~[na:na]
	at java.base/jdk.internal.reflect.NativeMethodAccessorImpl.invoke0(Native Method) ~[na:na]
	at java.base/jdk.internal.reflect.NativeMethodAccessorImpl.invoke(NativeMethodAccessorImpl.java:77) ~[na:na]
	at java.base/jdk.internal.reflect.DelegatingMethodAccessorImpl.invoke(DelegatingMethodAccessorImpl.java:43) ~[na:na]
	at java.base/java.lang.reflect.Method.invoke(Method.java:568) ~[na:na]
	at java.rmi/sun.rmi.server.UnicastServerRef.dispatch(UnicastServerRef.java:360) ~[na:na]
	at java.rmi/sun.rmi.transport.Transport$1.run(Transport.java:200) ~[na:na]
	at java.rmi/sun.rmi.transport.Transport$1.run(Transport.java:197) ~[na:na]
	at java.base/java.security.AccessController.doPrivileged(AccessController.java:712) ~[na:na]
	at java.rmi/sun.rmi.transport.Transport.serviceCall(Transport.java:196) ~[na:na]
	at java.rmi/sun.rmi.transport.tcp.TCPTransport.handleMessages(TCPTransport.java:587) ~[na:na]
	at java.rmi/sun.rmi.transport.tcp.TCPTransport$ConnectionHandler.run0(TCPTransport.java:828) ~[na:na]
	at java.rmi/sun.rmi.transport.tcp.TCPTransport$ConnectionHandler.lambda$run$0(TCPTransport.java:705) ~[na:na]
	at java.base/java.security.AccessController.doPrivileged(AccessController.java:399) ~[na:na]
	at java.rmi/sun.rmi.transport.tcp.TCPTransport$ConnectionHandler.run(TCPTransport.java:704) ~[na:na]
	at java.base/java.util.concurrent.ThreadPoolExecutor.runWorker(ThreadPoolExecutor.java:1136) ~[na:na]
	at java.base/java.util.concurrent.ThreadPoolExecutor$Worker.run(ThreadPoolExecutor.java:635) ~[na:na]
	at java.base/java.lang.Thread.run(Thread.java:842) ~[na:na]

2026-07-09T12:34:53.051+05:30 DEBUG 6388 --- [01-Sb-Logging-App] [restartedMain] o.s.b.devtools.restart.ChangeableUrls    : Matching URLs for reloading : [file:/C:/Java%20Workplace/Spring-Workplace/01-Sb-Logging-App/target/classes/]
2026-07-09T12:34:53.052+05:30 DEBUG 6388 --- [01-Sb-Logging-App] [restartedMain] o.s.b.d.settings.DevToolsSettings        : Included patterns for restart : []
2026-07-09T12:34:53.053+05:30 DEBUG 6388 --- [01-Sb-Logging-App] [restartedMain] o.s.b.d.settings.DevToolsSettings        : Excluded patterns for restart : [/spring-boot-starter-[\w-]+/, /spring-boot/(bin|build|out)/, /spring-boot-starter/(bin|build|out)/, /spring-boot-devtools/(bin|build|out)/, /spring-boot-actuator/(bin|build|out)/, /spring-boot-autoconfigure/(bin|build|out)/]
2026-07-09T12:34:53.054+05:30  INFO 6388 --- [01-Sb-Logging-App] [restartedMain] .e.DevToolsPropertyDefaultsPostProcessor : Devtools property defaults active! Set 'spring.devtools.add-properties' to 'false' to disable
2026-07-09T12:34:53.055+05:30  INFO 6388 --- [01-Sb-Logging-App] [restartedMain] .e.DevToolsPropertyDefaultsPostProcessor : For additional web related logging consider setting the 'logging.level.web' property to 'DEBUG'
2026-07-09T12:34:53.056+05:30 DEBUG 6388 --- [01-Sb-Logging-App] [restartedMain] ConfigServletWebServerApplicationContext : Refreshing org.springframework.boot.web.server.servlet.context.AnnotationConfigServletWebServerApplicationContext@5e2abe6
2026-07-09T12:34:53.105+05:30 DEBUG 6388 --- [01-Sb-Logging-App] [restartedMain] o.s.b.f.s.DefaultListableBeanFactory     : Creating shared instance of singleton bean 'org.springframework.context.annotation.internalConfigurationAnnotationProcessor'
2026-07-09T12:34:53.142+05:30 DEBUG 6388 --- [01-Sb-Logging-App] [restartedMain] o.s.b.f.s.DefaultListableBeanFactory     : Creating shared instance of singleton bean 'org.springframework.boot.autoconfigure.internalCachingMetadataReaderFactory'
2026-07-09T12:34:53.273+05:30 DEBUG 6388 --- [01-Sb-Logging-App] [restartedMain] o.s.c.a.ClassPathBeanDefinitionScanner   : Identified candidate component class: file [C:\Java Workplace\Spring-Workplace\01-Sb-Logging-App\target\classes\com\example\rest\DemoRestController.class]
2026-07-09T12:34:53.276+05:30 DEBUG 6388 --- [01-Sb-Logging-App] [restartedMain] o.s.c.a.ClassPathBeanDefinitionScanner   : Identified candidate component class: file [C:\Java Workplace\Spring-Workplace\01-Sb-Logging-App\target\classes\com\example\rest\MsgRestController.class]
2026-07-09T12:34:53.526+05:30 DEBUG 6388 --- [01-Sb-Logging-App] [RMI TCP Connection(2)-127.0.0.1] sun.rmi.transport.tcp                    : RMI TCP Connection(2)-127.0.0.1: (port 22381) op = 82
2026-07-09T12:34:53.527+05:30 DEBUG 6388 --- [01-Sb-Logging-App] [RMI TCP Connection(2)-127.0.0.1] sun.rmi.transport.tcp                    : RMI TCP Connection(2)-127.0.0.1: (port 22381) op = 80
2026-07-09T12:34:53.528+05:30 DEBUG 6388 --- [01-Sb-Logging-App] [RMI TCP Connection(2)-127.0.0.1] sun.rmi.loader                           : RMI TCP Connection(2)-127.0.0.1: name = "javax.management.ObjectName", codebase = ""
2026-07-09T12:34:53.529+05:30 DEBUG 6388 --- [01-Sb-Logging-App] [RMI TCP Connection(2)-127.0.0.1] javax.management.remote.rmi              : connectionId=rmi://127.0.0.1  1, name=org.springframework.boot:type=Admin,name=SpringApplication, attribute=Ready
2026-07-09T12:34:53.530+05:30 DEBUG 6388 --- [01-Sb-Logging-App] [RMI TCP Connection(2)-127.0.0.1] sun.rmi.server.call                      : RMI TCP Connection(2)-127.0.0.1: [127.0.0.1] exception: 

javax.management.InstanceNotFoundException: org.springframework.boot:type=Admin,name=SpringApplication
	at java.management/com.sun.jmx.interceptor.DefaultMBeanServerInterceptor.getMBean(DefaultMBeanServerInterceptor.java:1088) ~[na:na]
	at java.management/com.sun.jmx.interceptor.DefaultMBeanServerInterceptor.getAttribute(DefaultMBeanServerInterceptor.java:640) ~[na:na]
	at java.management/com.sun.jmx.mbeanserver.JmxMBeanServer.getAttribute(JmxMBeanServer.java:679) ~[na:na]
	at java.management.rmi/javax.management.remote.rmi.RMIConnectionImpl.doOperation(RMIConnectionImpl.java:1449) ~[na:na]
	at java.management.rmi/javax.management.remote.rmi.RMIConnectionImpl$PrivilegedOperation.run(RMIConnectionImpl.java:1310) ~[na:na]
	at java.management.rmi/javax.management.remote.rmi.RMIConnectionImpl.doPrivilegedOperation(RMIConnectionImpl.java:1405) ~[na:na]
	at java.management.rmi/javax.management.remote.rmi.RMIConnectionImpl.getAttribute(RMIConnectionImpl.java:639) ~[na:na]
	at java.base/jdk.internal.reflect.NativeMethodAccessorImpl.invoke0(Native Method) ~[na:na]
	at java.base/jdk.internal.reflect.NativeMethodAccessorImpl.invoke(NativeMethodAccessorImpl.java:77) ~[na:na]
	at java.base/jdk.internal.reflect.DelegatingMethodAccessorImpl.invoke(DelegatingMethodAccessorImpl.java:43) ~[na:na]
	at java.base/java.lang.reflect.Method.invoke(Method.java:568) ~[na:na]
	at java.rmi/sun.rmi.server.UnicastServerRef.dispatch(UnicastServerRef.java:360) ~[na:na]
	at java.rmi/sun.rmi.transport.Transport$1.run(Transport.java:200) ~[na:na]
	at java.rmi/sun.rmi.transport.Transport$1.run(Transport.java:197) ~[na:na]
	at java.base/java.security.AccessController.doPrivileged(AccessController.java:712) ~[na:na]
	at java.rmi/sun.rmi.transport.Transport.serviceCall(Transport.java:196) ~[na:na]
	at java.rmi/sun.rmi.transport.tcp.TCPTransport.handleMessages(TCPTransport.java:587) ~[na:na]
	at java.rmi/sun.rmi.transport.tcp.TCPTransport$ConnectionHandler.run0(TCPTransport.java:828) ~[na:na]
	at java.rmi/sun.rmi.transport.tcp.TCPTransport$ConnectionHandler.lambda$run$0(TCPTransport.java:705) ~[na:na]
	at java.base/java.security.AccessController.doPrivileged(AccessController.java:399) ~[na:na]
	at java.rmi/sun.rmi.transport.tcp.TCPTransport$ConnectionHandler.run(TCPTransport.java:704) ~[na:na]
	at java.base/java.util.concurrent.ThreadPoolExecutor.runWorker(ThreadPoolExecutor.java:1136) ~[na:na]
	at java.base/java.util.concurrent.ThreadPoolExecutor$Worker.run(ThreadPoolExecutor.java:635) ~[na:na]
	at java.base/java.lang.Thread.run(Thread.java:842) ~[na:na]

2026-07-09T12:34:54.035+05:30 DEBUG 6388 --- [01-Sb-Logging-App] [RMI TCP Connection(2)-127.0.0.1] sun.rmi.transport.tcp                    : RMI TCP Connection(2)-127.0.0.1: (port 22381) op = 82
2026-07-09T12:34:54.036+05:30 DEBUG 6388 --- [01-Sb-Logging-App] [RMI TCP Connection(2)-127.0.0.1] sun.rmi.transport.tcp                    : RMI TCP Connection(2)-127.0.0.1: (port 22381) op = 80
2026-07-09T12:34:54.037+05:30 DEBUG 6388 --- [01-Sb-Logging-App] [RMI TCP Connection(2)-127.0.0.1] sun.rmi.loader                           : RMI TCP Connection(2)-127.0.0.1: name = "javax.management.ObjectName", codebase = ""
2026-07-09T12:34:54.038+05:30 DEBUG 6388 --- [01-Sb-Logging-App] [RMI TCP Connection(2)-127.0.0.1] javax.management.remote.rmi              : connectionId=rmi://127.0.0.1  1, name=org.springframework.boot:type=Admin,name=SpringApplication, attribute=Ready
2026-07-09T12:34:54.039+05:30 DEBUG 6388 --- [01-Sb-Logging-App] [RMI TCP Connection(2)-127.0.0.1] sun.rmi.server.call                      : RMI TCP Connection(2)-127.0.0.1: [127.0.0.1] exception: 

javax.management.InstanceNotFoundException: org.springframework.boot:type=Admin,name=SpringApplication
	at java.management/com.sun.jmx.interceptor.DefaultMBeanServerInterceptor.getMBean(DefaultMBeanServerInterceptor.java:1088) ~[na:na]
	at java.management/com.sun.jmx.interceptor.DefaultMBeanServerInterceptor.getAttribute(DefaultMBeanServerInterceptor.java:640) ~[na:na]
	at java.management/com.sun.jmx.mbeanserver.JmxMBeanServer.getAttribute(JmxMBeanServer.java:679) ~[na:na]
	at java.management.rmi/javax.management.remote.rmi.RMIConnectionImpl.doOperation(RMIConnectionImpl.java:1449) ~[na:na]
	at java.management.rmi/javax.management.remote.rmi.RMIConnectionImpl$PrivilegedOperation.run(RMIConnectionImpl.java:1310) ~[na:na]
	at java.management.rmi/javax.management.remote.rmi.RMIConnectionImpl.doPrivilegedOperation(RMIConnectionImpl.java:1405) ~[na:na]
	at java.management.rmi/javax.management.remote.rmi.RMIConnectionImpl.getAttribute(RMIConnectionImpl.java:639) ~[na:na]
	at java.base/jdk.internal.reflect.NativeMethodAccessorImpl.invoke0(Native Method) ~[na:na]
	at java.base/jdk.internal.reflect.NativeMethodAccessorImpl.invoke(NativeMethodAccessorImpl.java:77) ~[na:na]
	at java.base/jdk.internal.reflect.DelegatingMethodAccessorImpl.invoke(DelegatingMethodAccessorImpl.java:43) ~[na:na]
	at java.base/java.lang.reflect.Method.invoke(Method.java:568) ~[na:na]
	at java.rmi/sun.rmi.server.UnicastServerRef.dispatch(UnicastServerRef.java:360) ~[na:na]
	at java.rmi/sun.rmi.transport.Transport$1.run(Transport.java:200) ~[na:na]
	at java.rmi/sun.rmi.transport.Transport$1.run(Transport.java:197) ~[na:na]
	at java.base/java.security.AccessController.doPrivileged(AccessController.java:712) ~[na:na]
	at java.rmi/sun.rmi.transport.Transport.serviceCall(Transport.java:196) ~[na:na]
	at java.rmi/sun.rmi.transport.tcp.TCPTransport.handleMessages(TCPTransport.java:587) ~[na:na]
	at java.rmi/sun.rmi.transport.tcp.TCPTransport$ConnectionHandler.run0(TCPTransport.java:828) ~[na:na]
	at java.rmi/sun.rmi.transport.tcp.TCPTransport$ConnectionHandler.lambda$run$0(TCPTransport.java:705) ~[na:na]
	at java.base/java.security.AccessController.doPrivileged(AccessController.java:399) ~[na:na]
	at java.rmi/sun.rmi.transport.tcp.TCPTransport$ConnectionHandler.run(TCPTransport.java:704) ~[na:na]
	at java.base/java.util.concurrent.ThreadPoolExecutor.runWorker(ThreadPoolExecutor.java:1136) ~[na:na]
	at java.base/java.util.concurrent.ThreadPoolExecutor$Worker.run(ThreadPoolExecutor.java:635) ~[na:na]
	at java.base/java.lang.Thread.run(Thread.java:842) ~[na:na]

2026-07-09T12:34:54.205+05:30 DEBUG 6388 --- [01-Sb-Logging-App] [restartedMain] o.s.b.f.s.DefaultListableBeanFactory     : Creating shared instance of singleton bean 'propertySourcesPlaceholderConfigurer'
2026-07-09T12:34:54.221+05:30 DEBUG 6388 --- [01-Sb-Logging-App] [restartedMain] o.s.b.f.s.DefaultListableBeanFactory     : Creating shared instance of singleton bean 'org.springframework.context.event.internalEventListenerProcessor'
2026-07-09T12:34:54.224+05:30 DEBUG 6388 --- [01-Sb-Logging-App] [restartedMain] o.s.b.f.s.DefaultListableBeanFactory     : Creating shared instance of singleton bean 'bootstrapExecutorAliasPostProcessor'
2026-07-09T12:34:54.226+05:30 DEBUG 6388 --- [01-Sb-Logging-App] [restartedMain] o.s.b.f.s.DefaultListableBeanFactory     : Creating shared instance of singleton bean 'preserveErrorControllerTargetClassPostProcessor'
2026-07-09T12:34:54.227+05:30 DEBUG 6388 --- [01-Sb-Logging-App] [restartedMain] o.s.b.f.s.DefaultListableBeanFactory     : Creating shared instance of singleton bean 'forceAutoProxyCreatorToUseClassProxying'
2026-07-09T12:34:54.228+05:30 DEBUG 6388 --- [01-Sb-Logging-App] [restartedMain] o.s.b.f.s.DefaultListableBeanFactory     : Creating shared instance of singleton bean 'org.springframework.context.event.internalEventListenerFactory'
2026-07-09T12:34:54.243+05:30 DEBUG 6388 --- [01-Sb-Logging-App] [restartedMain] o.s.b.f.s.DefaultListableBeanFactory     : Creating shared instance of singleton bean 'org.springframework.context.annotation.internalAutowiredAnnotationProcessor'
2026-07-09T12:34:54.247+05:30 DEBUG 6388 --- [01-Sb-Logging-App] [restartedMain] o.s.b.f.s.DefaultListableBeanFactory     : Creating shared instance of singleton bean 'org.springframework.context.annotation.internalCommonAnnotationProcessor'
2026-07-09T12:34:54.254+05:30 DEBUG 6388 --- [01-Sb-Logging-App] [restartedMain] o.s.b.f.s.DefaultListableBeanFactory     : Creating shared instance of singleton bean 'org.springframework.boot.context.properties.ConfigurationPropertiesBindingPostProcessor'
2026-07-09T12:34:54.254+05:30 DEBUG 6388 --- [01-Sb-Logging-App] [restartedMain] o.s.b.f.s.DefaultListableBeanFactory     : Creating shared instance of singleton bean 'org.springframework.boot.context.internalConfigurationPropertiesBinder'
2026-07-09T12:34:54.258+05:30 DEBUG 6388 --- [01-Sb-Logging-App] [restartedMain] o.s.b.f.s.DefaultListableBeanFactory     : Creating shared instance of singleton bean 'org.springframework.aop.config.internalAutoProxyCreator'
2026-07-09T12:34:54.284+05:30 DEBUG 6388 --- [01-Sb-Logging-App] [restartedMain] o.s.b.f.s.DefaultListableBeanFactory     : Creating shared instance of singleton bean 'org.springframework.aop.framework.autoproxy.defaultProxyConfig'
2026-07-09T12:34:54.287+05:30 DEBUG 6388 --- [01-Sb-Logging-App] [restartedMain] o.s.b.f.s.DefaultListableBeanFactory     : Creating shared instance of singleton bean 'webServerFactoryCustomizerBeanPostProcessor'
2026-07-09T12:34:54.288+05:30 DEBUG 6388 --- [01-Sb-Logging-App] [restartedMain] o.s.b.f.s.DefaultListableBeanFactory     : Creating shared instance of singleton bean 'errorPageRegistrarBeanPostProcessor'
2026-07-09T12:34:54.292+05:30 DEBUG 6388 --- [01-Sb-Logging-App] [restartedMain] o.s.b.f.s.DefaultListableBeanFactory     : Creating shared instance of singleton bean 'tomcatServletWebServerFactory'
2026-07-09T12:34:54.295+05:30 DEBUG 6388 --- [01-Sb-Logging-App] [restartedMain] o.s.b.f.s.DefaultListableBeanFactory     : Creating shared instance of singleton bean 'org.springframework.boot.tomcat.autoconfigure.servlet.TomcatServletWebServerAutoConfiguration'
2026-07-09T12:34:54.304+05:30 DEBUG 6388 --- [01-Sb-Logging-App] [restartedMain] o.s.b.f.s.DefaultListableBeanFactory     : Creating shared instance of singleton bean 'server.tomcat-org.springframework.boot.tomcat.autoconfigure.TomcatServerProperties'
2026-07-09T12:34:54.311+05:30 DEBUG 6388 --- [01-Sb-Logging-App] [restartedMain] o.s.b.f.s.DefaultListableBeanFactory     : Creating shared instance of singleton bean 'org.springframework.boot.context.properties.BoundConfigurationProperties'
2026-07-09T12:34:54.339+05:30 DEBUG 6388 --- [01-Sb-Logging-App] [restartedMain] o.s.b.f.s.DefaultListableBeanFactory     : Autowiring by type from bean name 'org.springframework.boot.tomcat.autoconfigure.servlet.TomcatServletWebServerAutoConfiguration' via constructor to bean named 'server.tomcat-org.springframework.boot.tomcat.autoconfigure.TomcatServerProperties'
2026-07-09T12:34:54.403+05:30 DEBUG 6388 --- [01-Sb-Logging-App] [restartedMain] o.s.b.f.s.DefaultListableBeanFactory     : Creating shared instance of singleton bean 'servletWebServerFactoryCustomizer'
2026-07-09T12:34:54.404+05:30 DEBUG 6388 --- [01-Sb-Logging-App] [restartedMain] o.s.b.f.s.DefaultListableBeanFactory     : Creating shared instance of singleton bean 'org.springframework.boot.web.server.autoconfigure.servlet.ServletWebServerConfiguration'
2026-07-09T12:34:54.407+05:30 DEBUG 6388 --- [01-Sb-Logging-App] [restartedMain] o.s.b.f.s.DefaultListableBeanFactory     : Creating shared instance of singleton bean 'server-org.springframework.boot.web.server.autoconfigure.ServerProperties'
2026-07-09T12:34:54.432+05:30 DEBUG 6388 --- [01-Sb-Logging-App] [restartedMain] o.s.b.f.s.DefaultListableBeanFactory     : Autowiring by type from bean name 'servletWebServerFactoryCustomizer' via factory method to bean named 'server-org.springframework.boot.web.server.autoconfigure.ServerProperties'
2026-07-09T12:34:54.435+05:30 DEBUG 6388 --- [01-Sb-Logging-App] [restartedMain] o.s.b.f.s.DefaultListableBeanFactory     : Creating shared instance of singleton bean 'sslBundleRegistry'
2026-07-09T12:34:54.435+05:30 DEBUG 6388 --- [01-Sb-Logging-App] [restartedMain] o.s.b.f.s.DefaultListableBeanFactory     : Creating shared instance of singleton bean 'org.springframework.boot.autoconfigure.ssl.SslAutoConfiguration'
2026-07-09T12:34:54.437+05:30 DEBUG 6388 --- [01-Sb-Logging-App] [restartedMain] o.s.b.f.s.DefaultListableBeanFactory     : Creating shared instance of singleton bean 'spring.ssl-org.springframework.boot.autoconfigure.ssl.SslProperties'
2026-07-09T12:34:54.439+05:30 DEBUG 6388 --- [01-Sb-Logging-App] [restartedMain] o.s.b.f.s.DefaultListableBeanFactory     : Autowiring by type from bean name 'org.springframework.boot.autoconfigure.ssl.SslAutoConfiguration' via constructor to bean named 'org.springframework.boot.web.server.servlet.context.AnnotationConfigServletWebServerApplicationContext@5e2abe6'
2026-07-09T12:34:54.440+05:30 DEBUG 6388 --- [01-Sb-Logging-App] [restartedMain] o.s.b.f.s.DefaultListableBeanFactory     : Autowiring by type from bean name 'org.springframework.boot.autoconfigure.ssl.SslAutoConfiguration' via constructor to bean named 'spring.ssl-org.springframework.boot.autoconfigure.ssl.SslProperties'
2026-07-09T12:34:54.445+05:30 DEBUG 6388 --- [01-Sb-Logging-App] [restartedMain] o.s.b.f.s.DefaultListableBeanFactory     : Creating shared instance of singleton bean 'sslPropertiesSslBundleRegistrar'
2026-07-09T12:34:54.446+05:30 DEBUG 6388 --- [01-Sb-Logging-App] [restartedMain] o.s.b.f.s.DefaultListableBeanFactory     : Creating shared instance of singleton bean 'fileWatcher'
2026-07-09T12:34:54.448+05:30 DEBUG 6388 --- [01-Sb-Logging-App] [restartedMain] o.s.b.f.s.DefaultListableBeanFactory     : Autowiring by type from bean name 'sslPropertiesSslBundleRegistrar' via factory method to bean named 'fileWatcher'
2026-07-09T12:34:54.460+05:30 DEBUG 6388 --- [01-Sb-Logging-App] [restartedMain] o.s.b.f.s.DefaultListableBeanFactory     : Creating shared instance of singleton bean 'webSocketWebServerCustomizer'
2026-07-09T12:34:54.461+05:30 DEBUG 6388 --- [01-Sb-Logging-App] [restartedMain] o.s.b.f.s.DefaultListableBeanFactory     : Creating shared instance of singleton bean 'org.springframework.boot.tomcat.autoconfigure.TomcatWebServerConfiguration$TomcatWebSocketConfiguration'
2026-07-09T12:34:54.463+05:30 DEBUG 6388 --- [01-Sb-Logging-App] [restartedMain] o.s.b.f.s.DefaultListableBeanFactory     : Creating shared instance of singleton bean 'tomcatWebServerFactoryCustomizer'
2026-07-09T12:34:54.464+05:30 DEBUG 6388 --- [01-Sb-Logging-App] [restartedMain] o.s.b.f.s.DefaultListableBeanFactory     : Creating shared instance of singleton bean 'org.springframework.boot.tomcat.autoconfigure.TomcatWebServerConfiguration'
2026-07-09T12:34:54.470+05:30 DEBUG 6388 --- [01-Sb-Logging-App] [restartedMain] o.s.b.f.s.DefaultListableBeanFactory     : Creating shared instance of singleton bean 'spring.web-org.springframework.boot.autoconfigure.web.WebProperties'
2026-07-09T12:34:54.496+05:30 DEBUG 6388 --- [01-Sb-Logging-App] [restartedMain] o.s.b.f.s.DefaultListableBeanFactory     : Autowiring by type from bean name 'tomcatWebServerFactoryCustomizer' via factory method to bean named 'environment'
2026-07-09T12:34:54.496+05:30 DEBUG 6388 --- [01-Sb-Logging-App] [restartedMain] o.s.b.f.s.DefaultListableBeanFactory     : Autowiring by type from bean name 'tomcatWebServerFactoryCustomizer' via factory method to bean named 'server-org.springframework.boot.web.server.autoconfigure.ServerProperties'
2026-07-09T12:34:54.497+05:30 DEBUG 6388 --- [01-Sb-Logging-App] [restartedMain] o.s.b.f.s.DefaultListableBeanFactory     : Autowiring by type from bean name 'tomcatWebServerFactoryCustomizer' via factory method to bean named 'server.tomcat-org.springframework.boot.tomcat.autoconfigure.TomcatServerProperties'
2026-07-09T12:34:54.499+05:30 DEBUG 6388 --- [01-Sb-Logging-App] [restartedMain] o.s.b.f.s.DefaultListableBeanFactory     : Autowiring by type from bean name 'tomcatWebServerFactoryCustomizer' via factory method to bean named 'spring.web-org.springframework.boot.autoconfigure.web.WebProperties'
2026-07-09T12:34:54.502+05:30 DEBUG 6388 --- [01-Sb-Logging-App] [restartedMain] o.s.b.f.s.DefaultListableBeanFactory     : Creating shared instance of singleton bean 'tomcatServletWebServerFactoryCustomizer'
2026-07-09T12:34:54.504+05:30 DEBUG 6388 --- [01-Sb-Logging-App] [restartedMain] o.s.b.f.s.DefaultListableBeanFactory     : Autowiring by type from bean name 'tomcatServletWebServerFactoryCustomizer' via factory method to bean named 'server.tomcat-org.springframework.boot.tomcat.autoconfigure.TomcatServerProperties'
2026-07-09T12:34:54.544+05:30 DEBUG 6388 --- [01-Sb-Logging-App] [RMI TCP Connection(2)-127.0.0.1] sun.rmi.transport.tcp                    : RMI TCP Connection(2)-127.0.0.1: (port 22381) op = 82
2026-07-09T12:34:54.545+05:30 DEBUG 6388 --- [01-Sb-Logging-App] [RMI TCP Connection(2)-127.0.0.1] sun.rmi.transport.tcp                    : RMI TCP Connection(2)-127.0.0.1: (port 22381) op = 80
2026-07-09T12:34:54.545+05:30 DEBUG 6388 --- [01-Sb-Logging-App] [RMI TCP Connection(2)-127.0.0.1] sun.rmi.loader                           : RMI TCP Connection(2)-127.0.0.1: name = "javax.management.ObjectName", codebase = ""
2026-07-09T12:34:54.546+05:30 DEBUG 6388 --- [01-Sb-Logging-App] [RMI TCP Connection(2)-127.0.0.1] javax.management.remote.rmi              : connectionId=rmi://127.0.0.1  1, name=org.springframework.boot:type=Admin,name=SpringApplication, attribute=Ready
2026-07-09T12:34:54.547+05:30 DEBUG 6388 --- [01-Sb-Logging-App] [RMI TCP Connection(2)-127.0.0.1] sun.rmi.server.call                      : RMI TCP Connection(2)-127.0.0.1: [127.0.0.1] exception: 

javax.management.InstanceNotFoundException: org.springframework.boot:type=Admin,name=SpringApplication
	at java.management/com.sun.jmx.interceptor.DefaultMBeanServerInterceptor.getMBean(DefaultMBeanServerInterceptor.java:1088) ~[na:na]
	at java.management/com.sun.jmx.interceptor.DefaultMBeanServerInterceptor.getAttribute(DefaultMBeanServerInterceptor.java:640) ~[na:na]
	at java.management/com.sun.jmx.mbeanserver.JmxMBeanServer.getAttribute(JmxMBeanServer.java:679) ~[na:na]
	at java.management.rmi/javax.management.remote.rmi.RMIConnectionImpl.doOperation(RMIConnectionImpl.java:1449) ~[na:na]
	at java.management.rmi/javax.management.remote.rmi.RMIConnectionImpl$PrivilegedOperation.run(RMIConnectionImpl.java:1310) ~[na:na]
	at java.management.rmi/javax.management.remote.rmi.RMIConnectionImpl.doPrivilegedOperation(RMIConnectionImpl.java:1405) ~[na:na]
	at java.management.rmi/javax.management.remote.rmi.RMIConnectionImpl.getAttribute(RMIConnectionImpl.java:639) ~[na:na]
	at java.base/jdk.internal.reflect.NativeMethodAccessorImpl.invoke0(Native Method) ~[na:na]
	at java.base/jdk.internal.reflect.NativeMethodAccessorImpl.invoke(NativeMethodAccessorImpl.java:77) ~[na:na]
	at java.base/jdk.internal.reflect.DelegatingMethodAccessorImpl.invoke(DelegatingMethodAccessorImpl.java:43) ~[na:na]
	at java.base/java.lang.reflect.Method.invoke(Method.java:568) ~[na:na]
	at java.rmi/sun.rmi.server.UnicastServerRef.dispatch(UnicastServerRef.java:360) ~[na:na]
	at java.rmi/sun.rmi.transport.Transport$1.run(Transport.java:200) ~[na:na]
	at java.rmi/sun.rmi.transport.Transport$1.run(Transport.java:197) ~[na:na]
	at java.base/java.security.AccessController.doPrivileged(AccessController.java:712) ~[na:na]
	at java.rmi/sun.rmi.transport.Transport.serviceCall(Transport.java:196) ~[na:na]
	at java.rmi/sun.rmi.transport.tcp.TCPTransport.handleMessages(TCPTransport.java:587) ~[na:na]
	at java.rmi/sun.rmi.transport.tcp.TCPTransport$ConnectionHandler.run0(TCPTransport.java:828) ~[na:na]
	at java.rmi/sun.rmi.transport.tcp.TCPTransport$ConnectionHandler.lambda$run$0(TCPTransport.java:705) ~[na:na]
	at java.base/java.security.AccessController.doPrivileged(AccessController.java:399) ~[na:na]
	at java.rmi/sun.rmi.transport.tcp.TCPTransport$ConnectionHandler.run(TCPTransport.java:704) ~[na:na]
	at java.base/java.util.concurrent.ThreadPoolExecutor.runWorker(ThreadPoolExecutor.java:1136) ~[na:na]
	at java.base/java.util.concurrent.ThreadPoolExecutor$Worker.run(ThreadPoolExecutor.java:635) ~[na:na]
	at java.base/java.lang.Thread.run(Thread.java:842) ~[na:na]

2026-07-09T12:34:54.568+05:30 DEBUG 6388 --- [01-Sb-Logging-App] [restartedMain] o.s.b.f.s.DefaultListableBeanFactory     : Creating shared instance of singleton bean 'errorPageCustomizer'
2026-07-09T12:34:54.568+05:30 DEBUG 6388 --- [01-Sb-Logging-App] [restartedMain] o.s.b.f.s.DefaultListableBeanFactory     : Creating shared instance of singleton bean 'org.springframework.boot.webmvc.autoconfigure.error.ErrorMvcAutoConfiguration'
2026-07-09T12:34:54.569+05:30 DEBUG 6388 --- [01-Sb-Logging-App] [restartedMain] o.s.b.f.s.DefaultListableBeanFactory     : Autowiring by type from bean name 'org.springframework.boot.webmvc.autoconfigure.error.ErrorMvcAutoConfiguration' via constructor to bean named 'spring.web-org.springframework.boot.autoconfigure.web.WebProperties'
2026-07-09T12:34:54.572+05:30 DEBUG 6388 --- [01-Sb-Logging-App] [restartedMain] o.s.b.f.s.DefaultListableBeanFactory     : Creating shared instance of singleton bean 'dispatcherServletRegistration'
2026-07-09T12:34:54.572+05:30 DEBUG 6388 --- [01-Sb-Logging-App] [restartedMain] o.s.b.f.s.DefaultListableBeanFactory     : Creating shared instance of singleton bean 'org.springframework.boot.webmvc.autoconfigure.DispatcherServletAutoConfiguration$DispatcherServletRegistrationConfiguration'
2026-07-09T12:34:54.573+05:30 DEBUG 6388 --- [01-Sb-Logging-App] [restartedMain] o.s.b.f.s.DefaultListableBeanFactory     : Creating shared instance of singleton bean 'dispatcherServlet'
2026-07-09T12:34:54.574+05:30 DEBUG 6388 --- [01-Sb-Logging-App] [restartedMain] o.s.b.f.s.DefaultListableBeanFactory     : Creating shared instance of singleton bean 'org.springframework.boot.webmvc.autoconfigure.DispatcherServletAutoConfiguration$DispatcherServletConfiguration'
2026-07-09T12:34:54.575+05:30 DEBUG 6388 --- [01-Sb-Logging-App] [restartedMain] o.s.b.f.s.DefaultListableBeanFactory     : Creating shared instance of singleton bean 'spring.mvc-org.springframework.boot.webmvc.autoconfigure.WebMvcProperties'
2026-07-09T12:34:54.587+05:30 DEBUG 6388 --- [01-Sb-Logging-App] [restartedMain] o.s.b.f.s.DefaultListableBeanFactory     : Autowiring by type from bean name 'dispatcherServlet' via factory method to bean named 'spring.mvc-org.springframework.boot.webmvc.autoconfigure.WebMvcProperties'
2026-07-09T12:34:54.605+05:30 DEBUG 6388 --- [01-Sb-Logging-App] [restartedMain] o.s.b.f.s.DefaultListableBeanFactory     : Autowiring by type from bean name 'dispatcherServletRegistration' via factory method to bean named 'dispatcherServlet'
2026-07-09T12:34:54.605+05:30 DEBUG 6388 --- [01-Sb-Logging-App] [restartedMain] o.s.b.f.s.DefaultListableBeanFactory     : Autowiring by type from bean name 'dispatcherServletRegistration' via factory method to bean named 'spring.mvc-org.springframework.boot.webmvc.autoconfigure.WebMvcProperties'
2026-07-09T12:34:54.609+05:30 DEBUG 6388 --- [01-Sb-Logging-App] [restartedMain] o.s.b.f.s.DefaultListableBeanFactory     : Creating shared instance of singleton bean 'multipartConfigElement'
2026-07-09T12:34:54.609+05:30 DEBUG 6388 --- [01-Sb-Logging-App] [restartedMain] o.s.b.f.s.DefaultListableBeanFactory     : Creating shared instance of singleton bean 'org.springframework.boot.servlet.autoconfigure.MultipartAutoConfiguration'
2026-07-09T12:34:54.610+05:30 DEBUG 6388 --- [01-Sb-Logging-App] [restartedMain] o.s.b.f.s.DefaultListableBeanFactory     : Creating shared instance of singleton bean 'spring.servlet.multipart-org.springframework.boot.servlet.autoconfigure.MultipartProperties'
2026-07-09T12:34:54.622+05:30 DEBUG 6388 --- [01-Sb-Logging-App] [restartedMain] o.s.b.f.s.DefaultListableBeanFactory     : Autowiring by type from bean name 'org.springframework.boot.servlet.autoconfigure.MultipartAutoConfiguration' via constructor to bean named 'spring.servlet.multipart-org.springframework.boot.servlet.autoconfigure.MultipartProperties'
2026-07-09T12:34:54.629+05:30 DEBUG 6388 --- [01-Sb-Logging-App] [restartedMain] o.s.b.f.s.DefaultListableBeanFactory     : Autowiring by type from bean name 'errorPageCustomizer' via factory method to bean named 'dispatcherServletRegistration'
2026-07-09T12:34:54.670+05:30 DEBUG 6388 --- [01-Sb-Logging-App] [restartedMain] o.apache.tomcat.util.compat.Jre19Compat  : null

java.lang.ClassNotFoundException: java.lang.WrongThreadException
	at java.base/jdk.internal.loader.BuiltinClassLoader.loadClass(BuiltinClassLoader.java:641) ~[na:na]
	at java.base/jdk.internal.loader.ClassLoaders$AppClassLoader.loadClass(ClassLoaders.java:188) ~[na:na]
	at java.base/java.lang.ClassLoader.loadClass(ClassLoader.java:520) ~[na:na]
	at java.base/java.lang.Class.forName0(Native Method) ~[na:na]
	at java.base/java.lang.Class.forName(Class.java:375) ~[na:na]
	at org.apache.tomcat.util.compat.Jre19Compat.<clinit>(Jre19Compat.java:37) ~[tomcat-embed-core-11.0.22.jar:11.0.22]
	at org.apache.tomcat.util.compat.JreCompat.<clinit>(JreCompat.java:74) ~[tomcat-embed-core-11.0.22.jar:11.0.22]
	at org.apache.catalina.startup.Tomcat.<clinit>(Tomcat.java:1195) ~[tomcat-embed-core-11.0.22.jar:11.0.22]
	at org.springframework.boot.tomcat.TomcatWebServerFactory.createTomcat(TomcatWebServerFactory.java:393) ~[spring-boot-tomcat-4.1.0.jar:4.1.0]
	at org.springframework.boot.tomcat.servlet.TomcatServletWebServerFactory.getWebServer(TomcatServletWebServerFactory.java:165) ~[spring-boot-tomcat-4.1.0.jar:4.1.0]
	at org.springframework.boot.web.server.servlet.context.ServletWebServerApplicationContext.createWebServer(ServletWebServerApplicationContext.java:190) ~[spring-boot-web-server-4.1.0.jar:4.1.0]
	at org.springframework.boot.web.server.servlet.context.ServletWebServerApplicationContext.onRefresh(ServletWebServerApplicationContext.java:164) ~[spring-boot-web-server-4.1.0.jar:4.1.0]
	at org.springframework.context.support.AbstractApplicationContext.refresh(AbstractApplicationContext.java:615) ~[spring-context-7.0.8.jar:7.0.8]
	at org.springframework.boot.web.server.servlet.context.ServletWebServerApplicationContext.refresh(ServletWebServerApplicationContext.java:143) ~[spring-boot-web-server-4.1.0.jar:4.1.0]
	at org.springframework.boot.SpringApplication.refresh(SpringApplication.java:756) ~[spring-boot-4.1.0.jar:4.1.0]
	at org.springframework.boot.SpringApplication.refreshContext(SpringApplication.java:445) ~[spring-boot-4.1.0.jar:4.1.0]
	at org.springframework.boot.SpringApplication.run(SpringApplication.java:321) ~[spring-boot-4.1.0.jar:4.1.0]
	at org.springframework.boot.SpringApplication.run(SpringApplication.java:1365) ~[spring-boot-4.1.0.jar:4.1.0]
	at org.springframework.boot.SpringApplication.run(SpringApplication.java:1354) ~[spring-boot-4.1.0.jar:4.1.0]
	at com.example.Application.main(Application.java:10) ~[classes/:na]
	at java.base/jdk.internal.reflect.NativeMethodAccessorImpl.invoke0(Native Method) ~[na:na]
	at java.base/jdk.internal.reflect.NativeMethodAccessorImpl.invoke(NativeMethodAccessorImpl.java:77) ~[na:na]
	at java.base/jdk.internal.reflect.DelegatingMethodAccessorImpl.invoke(DelegatingMethodAccessorImpl.java:43) ~[na:na]
	at java.base/java.lang.reflect.Method.invoke(Method.java:568) ~[na:na]
	at org.springframework.boot.devtools.restart.RestartLauncher.run(RestartLauncher.java:52) ~[spring-boot-devtools-4.1.0.jar:4.1.0]

2026-07-09T12:34:54.674+05:30 DEBUG 6388 --- [01-Sb-Logging-App] [restartedMain] o.apache.tomcat.util.compat.Jre20Compat  : null

java.lang.NoSuchMethodException: javax.net.ssl.SSLParameters.setNamedGroups([Ljava.lang.String;)
	at java.base/java.lang.Class.getMethod(Class.java:2227) ~[na:na]
	at org.apache.tomcat.util.compat.Jre20Compat.<clinit>(Jre20Compat.java:41) ~[tomcat-embed-core-11.0.22.jar:11.0.22]
	at org.apache.tomcat.util.compat.JreCompat.<clinit>(JreCompat.java:74) ~[tomcat-embed-core-11.0.22.jar:11.0.22]
	at org.apache.catalina.startup.Tomcat.<clinit>(Tomcat.java:1195) ~[tomcat-embed-core-11.0.22.jar:11.0.22]
	at org.springframework.boot.tomcat.TomcatWebServerFactory.createTomcat(TomcatWebServerFactory.java:393) ~[spring-boot-tomcat-4.1.0.jar:4.1.0]
	at org.springframework.boot.tomcat.servlet.TomcatServletWebServerFactory.getWebServer(TomcatServletWebServerFactory.java:165) ~[spring-boot-tomcat-4.1.0.jar:4.1.0]
	at org.springframework.boot.web.server.servlet.context.ServletWebServerApplicationContext.createWebServer(ServletWebServerApplicationContext.java:190) ~[spring-boot-web-server-4.1.0.jar:4.1.0]
	at org.springframework.boot.web.server.servlet.context.ServletWebServerApplicationContext.onRefresh(ServletWebServerApplicationContext.java:164) ~[spring-boot-web-server-4.1.0.jar:4.1.0]
	at org.springframework.context.support.AbstractApplicationContext.refresh(AbstractApplicationContext.java:615) ~[spring-context-7.0.8.jar:7.0.8]
	at org.springframework.boot.web.server.servlet.context.ServletWebServerApplicationContext.refresh(ServletWebServerApplicationContext.java:143) ~[spring-boot-web-server-4.1.0.jar:4.1.0]
	at org.springframework.boot.SpringApplication.refresh(SpringApplication.java:756) ~[spring-boot-4.1.0.jar:4.1.0]
	at org.springframework.boot.SpringApplication.refreshContext(SpringApplication.java:445) ~[spring-boot-4.1.0.jar:4.1.0]
	at org.springframework.boot.SpringApplication.run(SpringApplication.java:321) ~[spring-boot-4.1.0.jar:4.1.0]
	at org.springframework.boot.SpringApplication.run(SpringApplication.java:1365) ~[spring-boot-4.1.0.jar:4.1.0]
	at org.springframework.boot.SpringApplication.run(SpringApplication.java:1354) ~[spring-boot-4.1.0.jar:4.1.0]
	at com.example.Application.main(Application.java:10) ~[classes/:na]
	at java.base/jdk.internal.reflect.NativeMethodAccessorImpl.invoke0(Native Method) ~[na:na]
	at java.base/jdk.internal.reflect.NativeMethodAccessorImpl.invoke(NativeMethodAccessorImpl.java:77) ~[na:na]
	at java.base/jdk.internal.reflect.DelegatingMethodAccessorImpl.invoke(DelegatingMethodAccessorImpl.java:43) ~[na:na]
	at java.base/java.lang.reflect.Method.invoke(Method.java:568) ~[na:na]
	at org.springframework.boot.devtools.restart.RestartLauncher.run(RestartLauncher.java:52) ~[spring-boot-devtools-4.1.0.jar:4.1.0]

2026-07-09T12:34:54.677+05:30 DEBUG 6388 --- [01-Sb-Logging-App] [restartedMain] o.apache.tomcat.util.compat.Jre21Compat  : null

java.lang.ClassNotFoundException: java.util.SequencedCollection
	at java.base/jdk.internal.loader.BuiltinClassLoader.loadClass(BuiltinClassLoader.java:641) ~[na:na]
	at java.base/jdk.internal.loader.ClassLoaders$AppClassLoader.loadClass(ClassLoaders.java:188) ~[na:na]
	at java.base/java.lang.ClassLoader.loadClass(ClassLoader.java:520) ~[na:na]
	at java.base/java.lang.Class.forName0(Native Method) ~[na:na]
	at java.base/java.lang.Class.forName(Class.java:375) ~[na:na]
	at org.apache.tomcat.util.compat.Jre21Compat.<clinit>(Jre21Compat.java:53) ~[tomcat-embed-core-11.0.22.jar:11.0.22]
	at org.apache.tomcat.util.compat.JreCompat.<clinit>(JreCompat.java:74) ~[tomcat-embed-core-11.0.22.jar:11.0.22]
	at org.apache.catalina.startup.Tomcat.<clinit>(Tomcat.java:1195) ~[tomcat-embed-core-11.0.22.jar:11.0.22]
	at org.springframework.boot.tomcat.TomcatWebServerFactory.createTomcat(TomcatWebServerFactory.java:393) ~[spring-boot-tomcat-4.1.0.jar:4.1.0]
	at org.springframework.boot.tomcat.servlet.TomcatServletWebServerFactory.getWebServer(TomcatServletWebServerFactory.java:165) ~[spring-boot-tomcat-4.1.0.jar:4.1.0]
	at org.springframework.boot.web.server.servlet.context.ServletWebServerApplicationContext.createWebServer(ServletWebServerApplicationContext.java:190) ~[spring-boot-web-server-4.1.0.jar:4.1.0]
	at org.springframework.boot.web.server.servlet.context.ServletWebServerApplicationContext.onRefresh(ServletWebServerApplicationContext.java:164) ~[spring-boot-web-server-4.1.0.jar:4.1.0]
	at org.springframework.context.support.AbstractApplicationContext.refresh(AbstractApplicationContext.java:615) ~[spring-context-7.0.8.jar:7.0.8]
	at org.springframework.boot.web.server.servlet.context.ServletWebServerApplicationContext.refresh(ServletWebServerApplicationContext.java:143) ~[spring-boot-web-server-4.1.0.jar:4.1.0]
	at org.springframework.boot.SpringApplication.refresh(SpringApplication.java:756) ~[spring-boot-4.1.0.jar:4.1.0]
	at org.springframework.boot.SpringApplication.refreshContext(SpringApplication.java:445) ~[spring-boot-4.1.0.jar:4.1.0]
	at org.springframework.boot.SpringApplication.run(SpringApplication.java:321) ~[spring-boot-4.1.0.jar:4.1.0]
	at org.springframework.boot.SpringApplication.run(SpringApplication.java:1365) ~[spring-boot-4.1.0.jar:4.1.0]
	at org.springframework.boot.SpringApplication.run(SpringApplication.java:1354) ~[spring-boot-4.1.0.jar:4.1.0]
	at com.example.Application.main(Application.java:10) ~[classes/:na]
	at java.base/jdk.internal.reflect.NativeMethodAccessorImpl.invoke0(Native Method) ~[na:na]
	at java.base/jdk.internal.reflect.NativeMethodAccessorImpl.invoke(NativeMethodAccessorImpl.java:77) ~[na:na]
	at java.base/jdk.internal.reflect.DelegatingMethodAccessorImpl.invoke(DelegatingMethodAccessorImpl.java:43) ~[na:na]
	at java.base/java.lang.reflect.Method.invoke(Method.java:568) ~[na:na]
	at org.springframework.boot.devtools.restart.RestartLauncher.run(RestartLauncher.java:52) ~[spring-boot-devtools-4.1.0.jar:4.1.0]

2026-07-09T12:34:54.679+05:30 DEBUG 6388 --- [01-Sb-Logging-App] [restartedMain] o.apache.tomcat.util.compat.Jre22Compat  : Class not found so assuming code is running on a pre-Java 22 JVM

java.lang.ClassNotFoundException: java.text.ListFormat
	at java.base/jdk.internal.loader.BuiltinClassLoader.loadClass(BuiltinClassLoader.java:641) ~[na:na]
	at java.base/jdk.internal.loader.ClassLoaders$AppClassLoader.loadClass(ClassLoaders.java:188) ~[na:na]
	at java.base/java.lang.ClassLoader.loadClass(ClassLoader.java:520) ~[na:na]
	at java.base/java.lang.Class.forName0(Native Method) ~[na:na]
	at java.base/java.lang.Class.forName(Class.java:375) ~[na:na]
	at org.apache.tomcat.util.compat.Jre22Compat.<clinit>(Jre22Compat.java:37) ~[tomcat-embed-core-11.0.22.jar:11.0.22]
	at org.apache.tomcat.util.compat.JreCompat.<clinit>(JreCompat.java:74) ~[tomcat-embed-core-11.0.22.jar:11.0.22]
	at org.apache.catalina.startup.Tomcat.<clinit>(Tomcat.java:1195) ~[tomcat-embed-core-11.0.22.jar:11.0.22]
	at org.springframework.boot.tomcat.TomcatWebServerFactory.createTomcat(TomcatWebServerFactory.java:393) ~[spring-boot-tomcat-4.1.0.jar:4.1.0]
	at org.springframework.boot.tomcat.servlet.TomcatServletWebServerFactory.getWebServer(TomcatServletWebServerFactory.java:165) ~[spring-boot-tomcat-4.1.0.jar:4.1.0]
	at org.springframework.boot.web.server.servlet.context.ServletWebServerApplicationContext.createWebServer(ServletWebServerApplicationContext.java:190) ~[spring-boot-web-server-4.1.0.jar:4.1.0]
	at org.springframework.boot.web.server.servlet.context.ServletWebServerApplicationContext.onRefresh(ServletWebServerApplicationContext.java:164) ~[spring-boot-web-server-4.1.0.jar:4.1.0]
	at org.springframework.context.support.AbstractApplicationContext.refresh(AbstractApplicationContext.java:615) ~[spring-context-7.0.8.jar:7.0.8]
	at org.springframework.boot.web.server.servlet.context.ServletWebServerApplicationContext.refresh(ServletWebServerApplicationContext.java:143) ~[spring-boot-web-server-4.1.0.jar:4.1.0]
	at org.springframework.boot.SpringApplication.refresh(SpringApplication.java:756) ~[spring-boot-4.1.0.jar:4.1.0]
	at org.springframework.boot.SpringApplication.refreshContext(SpringApplication.java:445) ~[spring-boot-4.1.0.jar:4.1.0]
	at org.springframework.boot.SpringApplication.run(SpringApplication.java:321) ~[spring-boot-4.1.0.jar:4.1.0]
	at org.springframework.boot.SpringApplication.run(SpringApplication.java:1365) ~[spring-boot-4.1.0.jar:4.1.0]
	at org.springframework.boot.SpringApplication.run(SpringApplication.java:1354) ~[spring-boot-4.1.0.jar:4.1.0]
	at com.example.Application.main(Application.java:10) ~[classes/:na]
	at java.base/jdk.internal.reflect.NativeMethodAccessorImpl.invoke0(Native Method) ~[na:na]
	at java.base/jdk.internal.reflect.NativeMethodAccessorImpl.invoke(NativeMethodAccessorImpl.java:77) ~[na:na]
	at java.base/jdk.internal.reflect.DelegatingMethodAccessorImpl.invoke(DelegatingMethodAccessorImpl.java:43) ~[na:na]
	at java.base/java.lang.reflect.Method.invoke(Method.java:568) ~[na:na]
	at org.springframework.boot.devtools.restart.RestartLauncher.run(RestartLauncher.java:52) ~[spring-boot-devtools-4.1.0.jar:4.1.0]

2026-07-09T12:34:54.799+05:30 DEBUG 6388 --- [01-Sb-Logging-App] [restartedMain] org.apache.catalina.core.ContainerBase   : Add container child [StandardHost[localhost]] to container [StandardEngine[Tomcat]]
2026-07-09T12:34:54.802+05:30 DEBUG 6388 --- [01-Sb-Logging-App] [restartedMain] o.s.b.t.s.TomcatServletWebServerFactory  : Code archive: C:\Users\Admin\.m2\repository\org\springframework\boot\spring-boot-web-server\4.1.0\spring-boot-web-server-4.1.0.jar
2026-07-09T12:34:54.802+05:30 DEBUG 6388 --- [01-Sb-Logging-App] [restartedMain] o.s.b.t.s.TomcatServletWebServerFactory  : Code archive: C:\Users\Admin\.m2\repository\org\springframework\boot\spring-boot-web-server\4.1.0\spring-boot-web-server-4.1.0.jar
2026-07-09T12:34:54.803+05:30 DEBUG 6388 --- [01-Sb-Logging-App] [restartedMain] o.s.b.t.s.TomcatServletWebServerFactory  : None of the document roots [src/main/webapp, public, static] point to a directory and will be ignored.
2026-07-09T12:34:54.840+05:30 DEBUG 6388 --- [01-Sb-Logging-App] [restartedMain] org.apache.catalina.core.ContainerBase   : Add container child [TomcatEmbeddedContext[]] to container [StandardEngine[Tomcat].StandardHost[localhost]]
2026-07-09T12:34:54.882+05:30  INFO 6388 --- [01-Sb-Logging-App] [restartedMain] o.s.boot.tomcat.TomcatWebServer          : Tomcat initialized with port 8080 (http)
2026-07-09T12:34:54.908+05:30  INFO 6388 --- [01-Sb-Logging-App] [restartedMain] o.apache.catalina.core.StandardService   : Starting service [Tomcat]
2026-07-09T12:34:54.908+05:30  INFO 6388 --- [01-Sb-Logging-App] [restartedMain] o.apache.catalina.core.StandardEngine    : Starting Servlet engine: [Apache Tomcat/11.0.22]
2026-07-09T12:34:54.958+05:30 DEBUG 6388 --- [01-Sb-Logging-App] [restartedMain] o.apache.catalina.loader.WebappLoader    : Starting this Loader
2026-07-09T12:34:54.966+05:30 DEBUG 6388 --- [01-Sb-Logging-App] [restartedMain] org.apache.catalina.webresources.Cache   : Increased cache size by [531] for item [org.apache.catalina.webresources.CachedResource@32c9fbbb] at [/WEB-INF/classes] making total cache size [531]
2026-07-09T12:34:54.993+05:30 DEBUG 6388 --- [01-Sb-Logging-App] [restartedMain] b.w.c.s.WebApplicationContextInitializer : Published root WebApplicationContext as ServletContext attribute with name [org.springframework.web.context.WebApplicationContext.ROOT]
2026-07-09T12:34:54.994+05:30  INFO 6388 --- [01-Sb-Logging-App] [restartedMain] b.w.c.s.WebApplicationContextInitializer : Root WebApplicationContext: initialization completed in 1937 ms
2026-07-09T12:34:55.006+05:30 DEBUG 6388 --- [01-Sb-Logging-App] [restartedMain] o.s.b.f.s.DefaultListableBeanFactory     : Creating shared instance of singleton bean 'requestContextFilter'
2026-07-09T12:34:55.009+05:30 DEBUG 6388 --- [01-Sb-Logging-App] [restartedMain] o.s.b.f.s.DefaultListableBeanFactory     : Creating shared instance of singleton bean 'formContentFilter'
2026-07-09T12:34:55.010+05:30 DEBUG 6388 --- [01-Sb-Logging-App] [restartedMain] o.s.b.f.s.DefaultListableBeanFactory     : Creating shared instance of singleton bean 'org.springframework.boot.webmvc.autoconfigure.WebMvcAutoConfiguration'
2026-07-09T12:34:55.014+05:30 DEBUG 6388 --- [01-Sb-Logging-App] [restartedMain] o.s.b.f.s.DefaultListableBeanFactory     : Creating shared instance of singleton bean 'characterEncodingFilter'
2026-07-09T12:34:55.015+05:30 DEBUG 6388 --- [01-Sb-Logging-App] [restartedMain] o.s.b.f.s.DefaultListableBeanFactory     : Creating shared instance of singleton bean 'org.springframework.boot.servlet.autoconfigure.HttpEncodingAutoConfiguration'
2026-07-09T12:34:55.018+05:30 DEBUG 6388 --- [01-Sb-Logging-App] [restartedMain] o.s.b.f.s.DefaultListableBeanFactory     : Creating shared instance of singleton bean 'spring.servlet.encoding-org.springframework.boot.servlet.autoconfigure.ServletEncodingProperties'
2026-07-09T12:34:55.021+05:30 DEBUG 6388 --- [01-Sb-Logging-App] [restartedMain] o.s.b.f.s.DefaultListableBeanFactory     : Autowiring by type from bean name 'characterEncodingFilter' via factory method to bean named 'spring.servlet.encoding-org.springframework.boot.servlet.autoconfigure.ServletEncodingProperties'
2026-07-09T12:34:55.031+05:30 DEBUG 6388 --- [01-Sb-Logging-App] [restartedMain] o.s.b.w.s.ServletContextInitializerBeans : Mapping filters: characterEncodingFilter urls=[/*] order=-2147483648, formContentFilter urls=[/*] order=-9900, requestContextFilter urls=[/*] order=-105
2026-07-09T12:34:55.032+05:30 DEBUG 6388 --- [01-Sb-Logging-App] [restartedMain] o.s.b.w.s.ServletContextInitializerBeans : Mapping servlets: dispatcherServlet urls=[/]
2026-07-09T12:34:55.038+05:30 DEBUG 6388 --- [01-Sb-Logging-App] [restartedMain] org.apache.catalina.core.ContainerBase   : Add container child [StandardWrapper[dispatcherServlet]] to container [StandardEngine[Tomcat].StandardHost[localhost].TomcatEmbeddedContext[]]
2026-07-09T12:34:55.054+05:30 DEBUG 6388 --- [01-Sb-Logging-App] [RMI TCP Connection(2)-127.0.0.1] sun.rmi.transport.tcp                    : RMI TCP Connection(2)-127.0.0.1: (port 22381) op = 82
2026-07-09T12:34:55.055+05:30 DEBUG 6388 --- [01-Sb-Logging-App] [RMI TCP Connection(2)-127.0.0.1] sun.rmi.transport.tcp                    : RMI TCP Connection(2)-127.0.0.1: (port 22381) op = 80
2026-07-09T12:34:55.055+05:30 DEBUG 6388 --- [01-Sb-Logging-App] [RMI TCP Connection(2)-127.0.0.1] sun.rmi.loader                           : RMI TCP Connection(2)-127.0.0.1: name = "javax.management.ObjectName", codebase = ""
2026-07-09T12:34:55.056+05:30 DEBUG 6388 --- [01-Sb-Logging-App] [RMI TCP Connection(2)-127.0.0.1] javax.management.remote.rmi              : connectionId=rmi://127.0.0.1  1, name=org.springframework.boot:type=Admin,name=SpringApplication, attribute=Ready
2026-07-09T12:34:55.056+05:30 DEBUG 6388 --- [01-Sb-Logging-App] [RMI TCP Connection(2)-127.0.0.1] sun.rmi.server.call                      : RMI TCP Connection(2)-127.0.0.1: [127.0.0.1] exception: 

javax.management.InstanceNotFoundException: org.springframework.boot:type=Admin,name=SpringApplication
	at java.management/com.sun.jmx.interceptor.DefaultMBeanServerInterceptor.getMBean(DefaultMBeanServerInterceptor.java:1088) ~[na:na]
	at java.management/com.sun.jmx.interceptor.DefaultMBeanServerInterceptor.getAttribute(DefaultMBeanServerInterceptor.java:640) ~[na:na]
	at java.management/com.sun.jmx.mbeanserver.JmxMBeanServer.getAttribute(JmxMBeanServer.java:679) ~[na:na]
	at java.management.rmi/javax.management.remote.rmi.RMIConnectionImpl.doOperation(RMIConnectionImpl.java:1449) ~[na:na]
	at java.management.rmi/javax.management.remote.rmi.RMIConnectionImpl$PrivilegedOperation.run(RMIConnectionImpl.java:1310) ~[na:na]
	at java.management.rmi/javax.management.remote.rmi.RMIConnectionImpl.doPrivilegedOperation(RMIConnectionImpl.java:1405) ~[na:na]
	at java.management.rmi/javax.management.remote.rmi.RMIConnectionImpl.getAttribute(RMIConnectionImpl.java:639) ~[na:na]
	at java.base/jdk.internal.reflect.NativeMethodAccessorImpl.invoke0(Native Method) ~[na:na]
	at java.base/jdk.internal.reflect.NativeMethodAccessorImpl.invoke(NativeMethodAccessorImpl.java:77) ~[na:na]
	at java.base/jdk.internal.reflect.DelegatingMethodAccessorImpl.invoke(DelegatingMethodAccessorImpl.java:43) ~[na:na]
	at java.base/java.lang.reflect.Method.invoke(Method.java:568) ~[na:na]
	at java.rmi/sun.rmi.server.UnicastServerRef.dispatch(UnicastServerRef.java:360) ~[na:na]
	at java.rmi/sun.rmi.transport.Transport$1.run(Transport.java:200) ~[na:na]
	at java.rmi/sun.rmi.transport.Transport$1.run(Transport.java:197) ~[na:na]
	at java.base/java.security.AccessController.doPrivileged(AccessController.java:712) ~[na:na]
	at java.rmi/sun.rmi.transport.Transport.serviceCall(Transport.java:196) ~[na:na]
	at java.rmi/sun.rmi.transport.tcp.TCPTransport.handleMessages(TCPTransport.java:587) ~[na:na]
	at java.rmi/sun.rmi.transport.tcp.TCPTransport$ConnectionHandler.run0(TCPTransport.java:828) ~[na:na]
	at java.rmi/sun.rmi.transport.tcp.TCPTransport$ConnectionHandler.lambda$run$0(TCPTransport.java:705) ~[na:na]
	at java.base/java.security.AccessController.doPrivileged(AccessController.java:399) ~[na:na]
	at java.rmi/sun.rmi.transport.tcp.TCPTransport$ConnectionHandler.run(TCPTransport.java:704) ~[na:na]
	at java.base/java.util.concurrent.ThreadPoolExecutor.runWorker(ThreadPoolExecutor.java:1136) ~[na:na]
	at java.base/java.util.concurrent.ThreadPoolExecutor$Worker.run(ThreadPoolExecutor.java:635) ~[na:na]
	at java.base/java.lang.Thread.run(Thread.java:842) ~[na:na]

2026-07-09T12:34:55.080+05:30 DEBUG 6388 --- [01-Sb-Logging-App] [restartedMain] o.a.catalina.session.StandardManager     : Persisted data file [C:\Users\Admin\AppData\Local\Temp\734550E0AB10C86A13286E9827DB80A685E25D2E\servlet-sessions\SESSIONS.ser] was not found

java.io.FileNotFoundException: C:\Users\Admin\AppData\Local\Temp\734550E0AB10C86A13286E9827DB80A685E25D2E\servlet-sessions\SESSIONS.ser (The system cannot find the file specified)
	at java.base/java.io.FileInputStream.open0(Native Method) ~[na:na]
	at java.base/java.io.FileInputStream.open(FileInputStream.java:216) ~[na:na]
	at java.base/java.io.FileInputStream.<init>(FileInputStream.java:157) ~[na:na]
	at java.base/java.io.FileInputStream.<init>(FileInputStream.java:111) ~[na:na]
	at org.apache.catalina.session.StandardManager.load(StandardManager.java:123) ~[tomcat-embed-core-11.0.22.jar:11.0.22]
	at org.apache.catalina.session.StandardManager.startInternal(StandardManager.java:255) ~[tomcat-embed-core-11.0.22.jar:11.0.22]
	at org.apache.catalina.util.LifecycleBase.start(LifecycleBase.java:164) ~[tomcat-embed-core-11.0.22.jar:11.0.22]
	at org.apache.catalina.core.StandardContext.startInternal(StandardContext.java:4447) ~[tomcat-embed-core-11.0.22.jar:11.0.22]
	at org.apache.catalina.util.LifecycleBase.start(LifecycleBase.java:164) ~[tomcat-embed-core-11.0.22.jar:11.0.22]
	at org.apache.catalina.core.ContainerBase$StartChild.call(ContainerBase.java:1162) ~[tomcat-embed-core-11.0.22.jar:11.0.22]
	at org.apache.catalina.core.ContainerBase$StartChild.call(ContainerBase.java:1158) ~[tomcat-embed-core-11.0.22.jar:11.0.22]
	at java.base/java.util.concurrent.FutureTask.run(FutureTask.java:264) ~[na:na]
	at org.apache.tomcat.util.threads.InlineExecutorService.execute(InlineExecutorService.java:81) ~[tomcat-embed-core-11.0.22.jar:11.0.22]
	at java.base/java.util.concurrent.AbstractExecutorService.submit(AbstractExecutorService.java:145) ~[na:na]
	at org.apache.catalina.core.ContainerBase.startInternal(ContainerBase.java:714) ~[tomcat-embed-core-11.0.22.jar:11.0.22]
	at org.apache.catalina.core.StandardHost.startInternal(StandardHost.java:780) ~[tomcat-embed-core-11.0.22.jar:11.0.22]
	at org.apache.catalina.util.LifecycleBase.start(LifecycleBase.java:164) ~[tomcat-embed-core-11.0.22.jar:11.0.22]
	at org.apache.catalina.core.ContainerBase$StartChild.call(ContainerBase.java:1162) ~[tomcat-embed-core-11.0.22.jar:11.0.22]
	at org.apache.catalina.core.ContainerBase$StartChild.call(ContainerBase.java:1158) ~[tomcat-embed-core-11.0.22.jar:11.0.22]
	at java.base/java.util.concurrent.FutureTask.run(FutureTask.java:264) ~[na:na]
	at org.apache.tomcat.util.threads.InlineExecutorService.execute(InlineExecutorService.java:81) ~[tomcat-embed-core-11.0.22.jar:11.0.22]
	at java.base/java.util.concurrent.AbstractExecutorService.submit(AbstractExecutorService.java:145) ~[na:na]
	at org.apache.catalina.core.ContainerBase.startInternal(ContainerBase.java:714) ~[tomcat-embed-core-11.0.22.jar:11.0.22]
	at org.apache.catalina.core.StandardEngine.startInternal(StandardEngine.java:201) ~[tomcat-embed-core-11.0.22.jar:11.0.22]
	at org.apache.catalina.util.LifecycleBase.start(LifecycleBase.java:164) ~[tomcat-embed-core-11.0.22.jar:11.0.22]
	at org.apache.catalina.core.StandardService.startInternal(StandardService.java:410) ~[tomcat-embed-core-11.0.22.jar:11.0.22]
	at org.apache.catalina.util.LifecycleBase.start(LifecycleBase.java:164) ~[tomcat-embed-core-11.0.22.jar:11.0.22]
	at org.apache.catalina.core.StandardServer.startInternal(StandardServer.java:864) ~[tomcat-embed-core-11.0.22.jar:11.0.22]
	at org.apache.catalina.util.LifecycleBase.start(LifecycleBase.java:164) ~[tomcat-embed-core-11.0.22.jar:11.0.22]
	at org.apache.catalina.startup.Tomcat.start(Tomcat.java:435) ~[tomcat-embed-core-11.0.22.jar:11.0.22]
	at org.springframework.boot.tomcat.TomcatWebServer.initialize(TomcatWebServer.java:131) ~[spring-boot-tomcat-4.1.0.jar:4.1.0]
	at org.springframework.boot.tomcat.TomcatWebServer.<init>(TomcatWebServer.java:110) ~[spring-boot-tomcat-4.1.0.jar:4.1.0]
	at org.springframework.boot.tomcat.servlet.TomcatServletWebServerFactory.getTomcatWebServer(TomcatServletWebServerFactory.java:429) ~[spring-boot-tomcat-4.1.0.jar:4.1.0]
	at org.springframework.boot.tomcat.servlet.TomcatServletWebServerFactory.getWebServer(TomcatServletWebServerFactory.java:167) ~[spring-boot-tomcat-4.1.0.jar:4.1.0]
	at org.springframework.boot.web.server.servlet.context.ServletWebServerApplicationContext.createWebServer(ServletWebServerApplicationContext.java:190) ~[spring-boot-web-server-4.1.0.jar:4.1.0]
	at org.springframework.boot.web.server.servlet.context.ServletWebServerApplicationContext.onRefresh(ServletWebServerApplicationContext.java:164) ~[spring-boot-web-server-4.1.0.jar:4.1.0]
	at org.springframework.context.support.AbstractApplicationContext.refresh(AbstractApplicationContext.java:615) ~[spring-context-7.0.8.jar:7.0.8]
	at org.springframework.boot.web.server.servlet.context.ServletWebServerApplicationContext.refresh(ServletWebServerApplicationContext.java:143) ~[spring-boot-web-server-4.1.0.jar:4.1.0]
	at org.springframework.boot.SpringApplication.refresh(SpringApplication.java:756) ~[spring-boot-4.1.0.jar:4.1.0]
	at org.springframework.boot.SpringApplication.refreshContext(SpringApplication.java:445) ~[spring-boot-4.1.0.jar:4.1.0]
	at org.springframework.boot.SpringApplication.run(SpringApplication.java:321) ~[spring-boot-4.1.0.jar:4.1.0]
	at org.springframework.boot.SpringApplication.run(SpringApplication.java:1365) ~[spring-boot-4.1.0.jar:4.1.0]
	at org.springframework.boot.SpringApplication.run(SpringApplication.java:1354) ~[spring-boot-4.1.0.jar:4.1.0]
	at com.example.Application.main(Application.java:10) ~[classes/:na]
	at java.base/jdk.internal.reflect.NativeMethodAccessorImpl.invoke0(Native Method) ~[na:na]
	at java.base/jdk.internal.reflect.NativeMethodAccessorImpl.invoke(NativeMethodAccessorImpl.java:77) ~[na:na]
	at java.base/jdk.internal.reflect.DelegatingMethodAccessorImpl.invoke(DelegatingMethodAccessorImpl.java:43) ~[na:na]
	at java.base/java.lang.reflect.Method.invoke(Method.java:568) ~[na:na]
	at org.springframework.boot.devtools.restart.RestartLauncher.run(RestartLauncher.java:52) ~[spring-boot-devtools-4.1.0.jar:4.1.0]

2026-07-09T12:34:55.091+05:30 DEBUG 6388 --- [01-Sb-Logging-App] [restartedMain] o.s.b.s.f.OrderedRequestContextFilter    : Filter 'requestContextFilter' configured for use
2026-07-09T12:34:55.096+05:30 DEBUG 6388 --- [01-Sb-Logging-App] [restartedMain] o.s.b.s.f.OrderedCharacterEncodingFilter : Filter 'characterEncodingFilter' configured for use
2026-07-09T12:34:55.098+05:30 DEBUG 6388 --- [01-Sb-Logging-App] [restartedMain] o.s.b.s.filter.OrderedFormContentFilter  : Filter 'formContentFilter' configured for use
2026-07-09T12:34:55.105+05:30 DEBUG 6388 --- [01-Sb-Logging-App] [restartedMain] org.apache.catalina.mapper.Mapper        : Registered host [localhost]
2026-07-09T12:34:55.109+05:30 DEBUG 6388 --- [01-Sb-Logging-App] [restartedMain] o.apache.catalina.mapper.MapperListener  : Register Wrapper [dispatcherServlet] in Context [] for service [StandardService[Tomcat]]
2026-07-09T12:34:55.111+05:30 DEBUG 6388 --- [01-Sb-Logging-App] [restartedMain] o.apache.catalina.mapper.MapperListener  : Register Context [] for service [StandardService[Tomcat]]
2026-07-09T12:34:55.111+05:30 DEBUG 6388 --- [01-Sb-Logging-App] [restartedMain] o.apache.catalina.mapper.MapperListener  : Register host [localhost] at domain [null] for service [StandardService[Tomcat]]
2026-07-09T12:34:55.120+05:30 DEBUG 6388 --- [01-Sb-Logging-App] [restartedMain] o.s.b.f.s.DefaultListableBeanFactory     : Creating shared instance of singleton bean 'applicationTaskExecutor'
2026-07-09T12:34:55.120+05:30 DEBUG 6388 --- [01-Sb-Logging-App] [restartedMain] o.s.b.f.s.DefaultListableBeanFactory     : Creating shared instance of singleton bean 'org.springframework.boot.autoconfigure.task.TaskExecutorConfigurations$TaskExecutorConfiguration'
2026-07-09T12:34:55.122+05:30 DEBUG 6388 --- [01-Sb-Logging-App] [restartedMain] o.s.b.f.s.DefaultListableBeanFactory     : Creating shared instance of singleton bean 'threadPoolTaskExecutorBuilder'
2026-07-09T12:34:55.123+05:30 DEBUG 6388 --- [01-Sb-Logging-App] [restartedMain] o.s.b.f.s.DefaultListableBeanFactory     : Creating shared instance of singleton bean 'org.springframework.boot.autoconfigure.task.TaskExecutorConfigurations$ThreadPoolTaskExecutorBuilderConfiguration'
2026-07-09T12:34:55.125+05:30 DEBUG 6388 --- [01-Sb-Logging-App] [restartedMain] o.s.b.f.s.DefaultListableBeanFactory     : Creating shared instance of singleton bean 'spring.task.execution-org.springframework.boot.autoconfigure.task.TaskExecutionProperties'
2026-07-09T12:34:55.129+05:30 DEBUG 6388 --- [01-Sb-Logging-App] [restartedMain] o.s.b.f.s.DefaultListableBeanFactory     : Autowiring by type from bean name 'threadPoolTaskExecutorBuilder' via factory method to bean named 'spring.task.execution-org.springframework.boot.autoconfigure.task.TaskExecutionProperties'
2026-07-09T12:34:55.133+05:30 DEBUG 6388 --- [01-Sb-Logging-App] [restartedMain] o.s.b.f.s.DefaultListableBeanFactory     : Autowiring by type from bean name 'applicationTaskExecutor' via factory method to bean named 'threadPoolTaskExecutorBuilder'
2026-07-09T12:34:55.143+05:30 DEBUG 6388 --- [01-Sb-Logging-App] [restartedMain] o.s.s.concurrent.ThreadPoolTaskExecutor  : Initializing ExecutorService 'applicationTaskExecutor'
2026-07-09T12:34:55.146+05:30 DEBUG 6388 --- [01-Sb-Logging-App] [restartedMain] o.s.b.f.s.DefaultListableBeanFactory     : Creating shared instance of singleton bean 'application'
2026-07-09T12:34:55.148+05:30 DEBUG 6388 --- [01-Sb-Logging-App] [restartedMain] o.s.b.f.s.DefaultListableBeanFactory     : Creating shared instance of singleton bean 'demoRestController'
2026-07-09T12:34:55.155+05:30 DEBUG 6388 --- [01-Sb-Logging-App] [restartedMain] o.s.b.f.s.DefaultListableBeanFactory     : Creating shared instance of singleton bean 'msgRestController'
2026-07-09T12:34:55.156+05:30 DEBUG 6388 --- [01-Sb-Logging-App] [restartedMain] o.s.b.f.s.DefaultListableBeanFactory     : Creating shared instance of singleton bean 'org.springframework.boot.autoconfigure.AutoConfigurationPackages'
2026-07-09T12:34:55.158+05:30 DEBUG 6388 --- [01-Sb-Logging-App] [restartedMain] o.s.b.f.s.DefaultListableBeanFactory     : Creating shared instance of singleton bean 'org.springframework.boot.autoconfigure.context.PropertyPlaceholderAutoConfiguration'
2026-07-09T12:34:55.159+05:30 DEBUG 6388 --- [01-Sb-Logging-App] [restartedMain] o.s.b.f.s.DefaultListableBeanFactory     : Creating shared instance of singleton bean 'org.springframework.boot.context.properties.EnableConfigurationPropertiesRegistrar.methodValidationExcludeFilter'
2026-07-09T12:34:55.164+05:30 DEBUG 6388 --- [01-Sb-Logging-App] [restartedMain] o.s.b.f.s.DefaultListableBeanFactory     : Creating shared instance of singleton bean 'org.springframework.boot.webmvc.autoconfigure.DispatcherServletAutoConfiguration'
2026-07-09T12:34:55.166+05:30 DEBUG 6388 --- [01-Sb-Logging-App] [restartedMain] o.s.b.f.s.DefaultListableBeanFactory     : Creating shared instance of singleton bean 'org.springframework.boot.autoconfigure.task.TaskExecutorConfigurations$SimpleAsyncTaskExecutorBuilderConfiguration'
2026-07-09T12:34:55.171+05:30 DEBUG 6388 --- [01-Sb-Logging-App] [restartedMain] o.s.b.f.s.DefaultListableBeanFactory     : Autowiring by type from bean name 'org.springframework.boot.autoconfigure.task.TaskExecutorConfigurations$SimpleAsyncTaskExecutorBuilderConfiguration' via constructor to bean named 'spring.task.execution-org.springframework.boot.autoconfigure.task.TaskExecutionProperties'
2026-07-09T12:34:55.172+05:30 DEBUG 6388 --- [01-Sb-Logging-App] [restartedMain] o.s.b.f.s.DefaultListableBeanFactory     : Creating shared instance of singleton bean 'simpleAsyncTaskExecutorBuilder'
2026-07-09T12:34:55.175+05:30 DEBUG 6388 --- [01-Sb-Logging-App] [restartedMain] o.s.b.f.s.DefaultListableBeanFactory     : Creating shared instance of singleton bean 'org.springframework.boot.autoconfigure.task.TaskExecutorConfigurations$AsyncConfigurerConfiguration'
2026-07-09T12:34:55.176+05:30 DEBUG 6388 --- [01-Sb-Logging-App] [restartedMain] o.s.b.f.s.DefaultListableBeanFactory     : Creating shared instance of singleton bean 'applicationTaskExecutorAsyncConfigurer'
2026-07-09T12:34:55.176+05:30 DEBUG 6388 --- [01-Sb-Logging-App] [restartedMain] o.s.b.f.s.DefaultListableBeanFactory     : Autowiring by type from bean name 'applicationTaskExecutorAsyncConfigurer' via factory method to bean named 'org.springframework.beans.factory.support.DefaultListableBeanFactory@185a1187'
2026-07-09T12:34:55.177+05:30 DEBUG 6388 --- [01-Sb-Logging-App] [restartedMain] o.s.b.f.s.DefaultListableBeanFactory     : Creating shared instance of singleton bean 'org.springframework.boot.autoconfigure.task.TaskExecutorConfigurations$BootstrapExecutorConfiguration'
2026-07-09T12:34:55.178+05:30 DEBUG 6388 --- [01-Sb-Logging-App] [restartedMain] o.s.b.f.s.DefaultListableBeanFactory     : Creating shared instance of singleton bean 'org.springframework.boot.autoconfigure.task.TaskExecutionAutoConfiguration'
2026-07-09T12:34:55.179+05:30 DEBUG 6388 --- [01-Sb-Logging-App] [restartedMain] o.s.b.f.s.DefaultListableBeanFactory     : Creating shared instance of singleton bean 'org.springframework.boot.webmvc.autoconfigure.error.ErrorMvcAutoConfiguration$WhitelabelErrorViewConfiguration'
2026-07-09T12:34:55.185+05:30 DEBUG 6388 --- [01-Sb-Logging-App] [restartedMain] o.s.b.f.s.DefaultListableBeanFactory     : Creating shared instance of singleton bean 'error'
2026-07-09T12:34:55.185+05:30 DEBUG 6388 --- [01-Sb-Logging-App] [restartedMain] o.s.b.f.s.DefaultListableBeanFactory     : Creating shared instance of singleton bean 'beanNameViewResolver'
2026-07-09T12:34:55.187+05:30 DEBUG 6388 --- [01-Sb-Logging-App] [restartedMain] o.s.b.f.s.DefaultListableBeanFactory     : Creating shared instance of singleton bean 'org.springframework.boot.webmvc.autoconfigure.error.ErrorMvcAutoConfiguration$DefaultErrorViewResolverConfiguration'
2026-07-09T12:34:55.188+05:30 DEBUG 6388 --- [01-Sb-Logging-App] [restartedMain] o.s.b.f.s.DefaultListableBeanFactory     : Autowiring by type from bean name 'org.springframework.boot.webmvc.autoconfigure.error.ErrorMvcAutoConfiguration$DefaultErrorViewResolverConfiguration' via constructor to bean named 'org.springframework.boot.web.server.servlet.context.AnnotationConfigServletWebServerApplicationContext@5e2abe6'
2026-07-09T12:34:55.188+05:30 DEBUG 6388 --- [01-Sb-Logging-App] [restartedMain] o.s.b.f.s.DefaultListableBeanFactory     : Autowiring by type from bean name 'org.springframework.boot.webmvc.autoconfigure.error.ErrorMvcAutoConfiguration$DefaultErrorViewResolverConfiguration' via constructor to bean named 'spring.web-org.springframework.boot.autoconfigure.web.WebProperties'
2026-07-09T12:34:55.189+05:30 DEBUG 6388 --- [01-Sb-Logging-App] [restartedMain] o.s.b.f.s.DefaultListableBeanFactory     : Creating shared instance of singleton bean 'conventionErrorViewResolver'
2026-07-09T12:34:55.192+05:30 DEBUG 6388 --- [01-Sb-Logging-App] [restartedMain] o.s.b.f.s.DefaultListableBeanFactory     : Creating shared instance of singleton bean 'errorAttributes'
2026-07-09T12:34:55.196+05:30 DEBUG 6388 --- [01-Sb-Logging-App] [restartedMain] o.s.b.f.s.DefaultListableBeanFactory     : Creating shared instance of singleton bean 'basicErrorController'
2026-07-09T12:34:55.198+05:30 DEBUG 6388 --- [01-Sb-Logging-App] [restartedMain] o.s.b.f.s.DefaultListableBeanFactory     : Autowiring by type from bean name 'basicErrorController' via factory method to bean named 'errorAttributes'
2026-07-09T12:34:55.208+05:30 DEBUG 6388 --- [01-Sb-Logging-App] [restartedMain] o.s.b.f.s.DefaultListableBeanFactory     : Creating shared instance of singleton bean 'org.springframework.boot.webmvc.autoconfigure.WebMvcAutoConfiguration$EnableWebMvcConfiguration'
2026-07-09T12:34:55.210+05:30 DEBUG 6388 --- [01-Sb-Logging-App] [restartedMain] o.s.b.f.s.DefaultListableBeanFactory     : Autowiring by type from bean name 'org.springframework.boot.webmvc.autoconfigure.WebMvcAutoConfiguration$EnableWebMvcConfiguration' via constructor to bean named 'spring.mvc-org.springframework.boot.webmvc.autoconfigure.WebMvcProperties'
2026-07-09T12:34:55.210+05:30 DEBUG 6388 --- [01-Sb-Logging-App] [restartedMain] o.s.b.f.s.DefaultListableBeanFactory     : Autowiring by type from bean name 'org.springframework.boot.webmvc.autoconfigure.WebMvcAutoConfiguration$EnableWebMvcConfiguration' via constructor to bean named 'spring.web-org.springframework.boot.autoconfigure.web.WebProperties'
2026-07-09T12:34:55.210+05:30 DEBUG 6388 --- [01-Sb-Logging-App] [restartedMain] o.s.b.f.s.DefaultListableBeanFactory     : Autowiring by type from bean name 'org.springframework.boot.webmvc.autoconfigure.WebMvcAutoConfiguration$EnableWebMvcConfiguration' via constructor to bean named 'org.springframework.beans.factory.support.DefaultListableBeanFactory@185a1187'
2026-07-09T12:34:55.218+05:30 DEBUG 6388 --- [01-Sb-Logging-App] [restartedMain] o.s.b.f.s.DefaultListableBeanFactory     : Creating shared instance of singleton bean 'org.springframework.boot.webmvc.autoconfigure.WebMvcAutoConfiguration$WebMvcAutoConfigurationAdapter'
2026-07-09T12:34:55.222+05:30 DEBUG 6388 --- [01-Sb-Logging-App] [restartedMain] o.s.b.f.s.DefaultListableBeanFactory     : Autowiring by type from bean name 'org.springframework.boot.webmvc.autoconfigure.WebMvcAutoConfiguration$WebMvcAutoConfigurationAdapter' via constructor to bean named 'spring.web-org.springframework.boot.autoconfigure.web.WebProperties'
2026-07-09T12:34:55.223+05:30 DEBUG 6388 --- [01-Sb-Logging-App] [restartedMain] o.s.b.f.s.DefaultListableBeanFactory     : Autowiring by type from bean name 'org.springframework.boot.webmvc.autoconfigure.WebMvcAutoConfiguration$WebMvcAutoConfigurationAdapter' via constructor to bean named 'spring.mvc-org.springframework.boot.webmvc.autoconfigure.WebMvcProperties'
2026-07-09T12:34:55.223+05:30 DEBUG 6388 --- [01-Sb-Logging-App] [restartedMain] o.s.b.f.s.DefaultListableBeanFactory     : Autowiring by type from bean name 'org.springframework.boot.webmvc.autoconfigure.WebMvcAutoConfiguration$WebMvcAutoConfigurationAdapter' via constructor to bean named 'org.springframework.beans.factory.support.DefaultListableBeanFactory@185a1187'
2026-07-09T12:34:55.225+05:30 DEBUG 6388 --- [01-Sb-Logging-App] [restartedMain] o.s.b.f.s.DefaultListableBeanFactory     : Creating shared instance of singleton bean 'welcomePageHandlerMapping'
2026-07-09T12:34:55.226+05:30 DEBUG 6388 --- [01-Sb-Logging-App] [restartedMain] o.s.b.f.s.DefaultListableBeanFactory     : Creating shared instance of singleton bean 'mvcConversionService'
2026-07-09T12:34:55.232+05:30 DEBUG 6388 --- [01-Sb-Logging-App] [restartedMain] o.s.b.f.s.DefaultListableBeanFactory     : Creating shared instance of singleton bean 'mvcResourceUrlProvider'
2026-07-09T12:34:55.236+05:30 DEBUG 6388 --- [01-Sb-Logging-App] [restartedMain] o.s.b.f.s.DefaultListableBeanFactory     : Autowiring by type from bean name 'welcomePageHandlerMapping' via factory method to bean named 'org.springframework.boot.web.server.servlet.context.AnnotationConfigServletWebServerApplicationContext@5e2abe6'
2026-07-09T12:34:55.236+05:30 DEBUG 6388 --- [01-Sb-Logging-App] [restartedMain] o.s.b.f.s.DefaultListableBeanFactory     : Autowiring by type from bean name 'welcomePageHandlerMapping' via factory method to bean named 'mvcConversionService'
2026-07-09T12:34:55.236+05:30 DEBUG 6388 --- [01-Sb-Logging-App] [restartedMain] o.s.b.f.s.DefaultListableBeanFactory     : Autowiring by type from bean name 'welcomePageHandlerMapping' via factory method to bean named 'mvcResourceUrlProvider'
2026-07-09T12:34:55.242+05:30 DEBUG 6388 --- [01-Sb-Logging-App] [restartedMain] org.apache.catalina.webresources.Cache   : Increased cache size by [521] for item [org.apache.catalina.webresources.CachedResource@3eba392] at [/index.html] making total cache size [1052]
2026-07-09T12:34:55.259+05:30 DEBUG 6388 --- [01-Sb-Logging-App] [restartedMain] o.s.b.f.s.DefaultListableBeanFactory     : Creating shared instance of singleton bean 'welcomePageNotAcceptableHandlerMapping'
2026-07-09T12:34:55.260+05:30 DEBUG 6388 --- [01-Sb-Logging-App] [restartedMain] o.s.b.f.s.DefaultListableBeanFactory     : Autowiring by type from bean name 'welcomePageNotAcceptableHandlerMapping' via factory method to bean named 'org.springframework.boot.web.server.servlet.context.AnnotationConfigServletWebServerApplicationContext@5e2abe6'
2026-07-09T12:34:55.260+05:30 DEBUG 6388 --- [01-Sb-Logging-App] [restartedMain] o.s.b.f.s.DefaultListableBeanFactory     : Autowiring by type from bean name 'welcomePageNotAcceptableHandlerMapping' via factory method to bean named 'mvcConversionService'
2026-07-09T12:34:55.260+05:30 DEBUG 6388 --- [01-Sb-Logging-App] [restartedMain] o.s.b.f.s.DefaultListableBeanFactory     : Autowiring by type from bean name 'welcomePageNotAcceptableHandlerMapping' via factory method to bean named 'mvcResourceUrlProvider'
2026-07-09T12:34:55.264+05:30 DEBUG 6388 --- [01-Sb-Logging-App] [restartedMain] o.s.b.f.s.DefaultListableBeanFactory     : Creating shared instance of singleton bean 'localeResolver'
2026-07-09T12:34:55.267+05:30 DEBUG 6388 --- [01-Sb-Logging-App] [restartedMain] o.s.b.f.s.DefaultListableBeanFactory     : Creating shared instance of singleton bean 'flashMapManager'
2026-07-09T12:34:55.272+05:30 DEBUG 6388 --- [01-Sb-Logging-App] [restartedMain] o.s.b.f.s.DefaultListableBeanFactory     : Creating shared instance of singleton bean 'viewNameTranslator'
2026-07-09T12:34:55.274+05:30 DEBUG 6388 --- [01-Sb-Logging-App] [restartedMain] o.s.b.f.s.DefaultListableBeanFactory     : Creating shared instance of singleton bean 'mvcValidator'
2026-07-09T12:34:55.276+05:30 DEBUG 6388 --- [01-Sb-Logging-App] [restartedMain] o.s.b.f.s.DefaultListableBeanFactory     : Creating shared instance of singleton bean 'requestMappingHandlerMapping'
2026-07-09T12:34:55.279+05:30 DEBUG 6388 --- [01-Sb-Logging-App] [restartedMain] o.s.b.f.s.DefaultListableBeanFactory     : Creating shared instance of singleton bean 'mvcContentNegotiationManager'
2026-07-09T12:34:55.283+05:30 DEBUG 6388 --- [01-Sb-Logging-App] [restartedMain] o.s.b.f.s.DefaultListableBeanFactory     : Creating shared instance of singleton bean 'stringHttpMessageConvertersCustomizer'
2026-07-09T12:34:55.283+05:30 DEBUG 6388 --- [01-Sb-Logging-App] [restartedMain] o.s.b.f.s.DefaultListableBeanFactory     : Creating shared instance of singleton bean 'org.springframework.boot.http.converter.autoconfigure.HttpMessageConvertersAutoConfiguration$StringHttpMessageConverterConfiguration'
2026-07-09T12:34:55.284+05:30 DEBUG 6388 --- [01-Sb-Logging-App] [restartedMain] o.s.b.f.s.DefaultListableBeanFactory     : Creating shared instance of singleton bean 'spring.http.converters-org.springframework.boot.http.converter.autoconfigure.HttpMessageConvertersProperties'
2026-07-09T12:34:55.286+05:30 DEBUG 6388 --- [01-Sb-Logging-App] [restartedMain] o.s.b.f.s.DefaultListableBeanFactory     : Autowiring by type from bean name 'stringHttpMessageConvertersCustomizer' via factory method to bean named 'spring.http.converters-org.springframework.boot.http.converter.autoconfigure.HttpMessageConvertersProperties'
2026-07-09T12:34:55.288+05:30 DEBUG 6388 --- [01-Sb-Logging-App] [restartedMain] o.s.b.f.s.DefaultListableBeanFactory     : Creating shared instance of singleton bean 'jacksonJsonHttpMessageConvertersCustomizer'
2026-07-09T12:34:55.288+05:30 DEBUG 6388 --- [01-Sb-Logging-App] [restartedMain] o.s.b.f.s.DefaultListableBeanFactory     : Creating shared instance of singleton bean 'org.springframework.boot.http.converter.autoconfigure.JacksonHttpMessageConvertersConfiguration$JacksonJsonHttpMessageConverterConfiguration'
2026-07-09T12:34:55.289+05:30 DEBUG 6388 --- [01-Sb-Logging-App] [restartedMain] o.s.b.f.s.DefaultListableBeanFactory     : Creating shared instance of singleton bean 'jacksonJsonMapper'
2026-07-09T12:34:55.290+05:30 DEBUG 6388 --- [01-Sb-Logging-App] [restartedMain] o.s.b.f.s.DefaultListableBeanFactory     : Creating shared instance of singleton bean 'org.springframework.boot.jackson.autoconfigure.JacksonAutoConfiguration'
2026-07-09T12:34:55.292+05:30 DEBUG 6388 --- [01-Sb-Logging-App] [restartedMain] o.s.b.f.s.DefaultListableBeanFactory     : Creating shared instance of singleton bean 'problemDetailJsonMapperBuilderCustomizer'
2026-07-09T12:34:55.292+05:30 DEBUG 6388 --- [01-Sb-Logging-App] [restartedMain] o.s.b.f.s.DefaultListableBeanFactory     : Creating shared instance of singleton bean 'org.springframework.boot.jackson.autoconfigure.JacksonAutoConfiguration$JsonProblemDetailsConfiguration'
2026-07-09T12:34:55.293+05:30 DEBUG 6388 --- [01-Sb-Logging-App] [restartedMain] o.s.b.f.s.DefaultListableBeanFactory     : Creating shared instance of singleton bean 'standardJsonMapperBuilderCustomizer'
2026-07-09T12:34:55.293+05:30 DEBUG 6388 --- [01-Sb-Logging-App] [restartedMain] o.s.b.f.s.DefaultListableBeanFactory     : Creating shared instance of singleton bean 'org.springframework.boot.jackson.autoconfigure.JacksonAutoConfiguration$JacksonJsonCustomizerConfiguration'
2026-07-09T12:34:55.294+05:30 DEBUG 6388 --- [01-Sb-Logging-App] [restartedMain] o.s.b.f.s.DefaultListableBeanFactory     : Creating shared instance of singleton bean 'spring.jackson-org.springframework.boot.jackson.autoconfigure.JacksonProperties'
2026-07-09T12:34:55.302+05:30 DEBUG 6388 --- [01-Sb-Logging-App] [restartedMain] o.s.b.f.s.DefaultListableBeanFactory     : Autowiring by type from bean name 'org.springframework.boot.jackson.autoconfigure.JacksonAutoConfiguration$JacksonJsonCustomizerConfiguration' via constructor to bean named 'spring.jackson-org.springframework.boot.jackson.autoconfigure.JacksonProperties'
2026-07-09T12:34:55.303+05:30 DEBUG 6388 --- [01-Sb-Logging-App] [restartedMain] o.s.b.f.s.DefaultListableBeanFactory     : Autowiring by type from bean name 'standardJsonMapperBuilderCustomizer' via factory method to bean named 'org.springframework.beans.factory.support.DefaultListableBeanFactory@185a1187'
2026-07-09T12:34:55.305+05:30 DEBUG 6388 --- [01-Sb-Logging-App] [restartedMain] o.s.b.f.s.DefaultListableBeanFactory     : Creating shared instance of singleton bean 'jacksonMixinModule'
2026-07-09T12:34:55.305+05:30 DEBUG 6388 --- [01-Sb-Logging-App] [restartedMain] o.s.b.f.s.DefaultListableBeanFactory     : Creating shared instance of singleton bean 'org.springframework.boot.jackson.autoconfigure.JacksonAutoConfiguration$JacksonMixinConfiguration'
2026-07-09T12:34:55.307+05:30 DEBUG 6388 --- [01-Sb-Logging-App] [restartedMain] o.s.b.f.s.DefaultListableBeanFactory     : Creating shared instance of singleton bean 'jacksonMixinModuleEntries'
2026-07-09T12:34:55.307+05:30 DEBUG 6388 --- [01-Sb-Logging-App] [restartedMain] o.s.b.f.s.DefaultListableBeanFactory     : Autowiring by type from bean name 'jacksonMixinModuleEntries' via factory method to bean named 'org.springframework.boot.web.server.servlet.context.AnnotationConfigServletWebServerApplicationContext@5e2abe6'
2026-07-09T12:34:55.308+05:30 DEBUG 6388 --- [01-Sb-Logging-App] [restartedMain] o.s.b.a.AutoConfigurationPackages        : @EnableAutoConfiguration was declared on a class in the package 'com.example'. Automatic @Repository and @Entity scanning is enabled.
2026-07-09T12:34:55.317+05:30 DEBUG 6388 --- [01-Sb-Logging-App] [restartedMain] o.s.b.f.s.DefaultListableBeanFactory     : Autowiring by type from bean name 'jacksonMixinModule' via factory method to bean named 'org.springframework.boot.web.server.servlet.context.AnnotationConfigServletWebServerApplicationContext@5e2abe6'
2026-07-09T12:34:55.317+05:30 DEBUG 6388 --- [01-Sb-Logging-App] [restartedMain] o.s.b.f.s.DefaultListableBeanFactory     : Autowiring by type from bean name 'jacksonMixinModule' via factory method to bean named 'jacksonMixinModuleEntries'
2026-07-09T12:34:55.323+05:30 DEBUG 6388 --- [01-Sb-Logging-App] [restartedMain] o.s.b.f.s.DefaultListableBeanFactory     : Creating shared instance of singleton bean 'jsonComponentModule'
2026-07-09T12:34:55.337+05:30 DEBUG 6388 --- [01-Sb-Logging-App] [restartedMain] o.s.b.f.s.DefaultListableBeanFactory     : Creating shared instance of singleton bean 'jsonFactory'
2026-07-09T12:34:55.338+05:30 DEBUG 6388 --- [01-Sb-Logging-App] [restartedMain] o.s.b.f.s.DefaultListableBeanFactory     : Creating shared instance of singleton bean 'standardJsonFactoryBuilderCustomizer'
2026-07-09T12:34:55.339+05:30 DEBUG 6388 --- [01-Sb-Logging-App] [restartedMain] o.s.b.f.s.DefaultListableBeanFactory     : Autowiring by type from bean name 'jsonFactory' via factory method to bean named 'standardJsonFactoryBuilderCustomizer'
2026-07-09T12:34:55.352+05:30 DEBUG 6388 --- [01-Sb-Logging-App] [restartedMain] o.s.b.f.s.DefaultListableBeanFactory     : Autowiring by type from bean name 'jsonMapperBuilder' via factory method to bean named 'problemDetailJsonMapperBuilderCustomizer'
2026-07-09T12:34:55.352+05:30 DEBUG 6388 --- [01-Sb-Logging-App] [restartedMain] o.s.b.f.s.DefaultListableBeanFactory     : Autowiring by type from bean name 'jsonMapperBuilder' via factory method to bean named 'standardJsonMapperBuilderCustomizer'
2026-07-09T12:34:55.353+05:30 DEBUG 6388 --- [01-Sb-Logging-App] [restartedMain] o.s.b.f.s.DefaultListableBeanFactory     : Autowiring by type from bean name 'jsonMapperBuilder' via factory method to bean named 'jsonFactory'
2026-07-09T12:34:55.364+05:30 DEBUG 6388 --- [01-Sb-Logging-App] [restartedMain] o.s.b.f.s.DefaultListableBeanFactory     : Autowiring by type from bean name 'jacksonJsonMapper' via factory method to bean named 'jsonMapperBuilder'
2026-07-09T12:34:55.381+05:30 DEBUG 6388 --- [01-Sb-Logging-App] [restartedMain] o.s.b.f.s.DefaultListableBeanFactory     : Autowiring by type from bean name 'jacksonJsonHttpMessageConvertersCustomizer' via factory method to bean named 'jacksonJsonMapper'
2026-07-09T12:34:55.382+05:30 DEBUG 6388 --- [01-Sb-Logging-App] [restartedMain] o.s.b.f.s.DefaultListableBeanFactory     : Creating shared instance of singleton bean 'serverConvertersCustomizer'
2026-07-09T12:34:55.383+05:30 DEBUG 6388 --- [01-Sb-Logging-App] [restartedMain] o.s.b.f.s.DefaultListableBeanFactory     : Creating shared instance of singleton bean 'org.springframework.boot.http.converter.autoconfigure.HttpMessageConvertersAutoConfiguration'
2026-07-09T12:34:55.403+05:30 DEBUG 6388 --- [01-Sb-Logging-App] [restartedMain] o.s.b.f.s.DefaultListableBeanFactory     : Creating shared instance of singleton bean 'mvcApiVersionStrategy'
2026-07-09T12:34:55.420+05:30 DEBUG 6388 --- [01-Sb-Logging-App] [restartedMain] o.s.b.f.s.DefaultListableBeanFactory     : Autowiring by type from bean name 'requestMappingHandlerMapping' via factory method to bean named 'mvcContentNegotiationManager'
2026-07-09T12:34:55.421+05:30 DEBUG 6388 --- [01-Sb-Logging-App] [restartedMain] o.s.b.f.s.DefaultListableBeanFactory     : Autowiring by type from bean name 'requestMappingHandlerMapping' via factory method to bean named 'mvcApiVersionStrategy'
2026-07-09T12:34:55.422+05:30 DEBUG 6388 --- [01-Sb-Logging-App] [restartedMain] o.s.b.f.s.DefaultListableBeanFactory     : Autowiring by type from bean name 'requestMappingHandlerMapping' via factory method to bean named 'mvcConversionService'
2026-07-09T12:34:55.422+05:30 DEBUG 6388 --- [01-Sb-Logging-App] [restartedMain] o.s.b.f.s.DefaultListableBeanFactory     : Autowiring by type from bean name 'requestMappingHandlerMapping' via factory method to bean named 'mvcResourceUrlProvider'
2026-07-09T12:34:55.487+05:30 DEBUG 6388 --- [01-Sb-Logging-App] [restartedMain] _.s.web.servlet.HandlerMapping.Mappings  : 
	c.e.r.DemoRestController:
	{GET [/demo]}: getDemoMsg()
2026-07-09T12:34:55.492+05:30 DEBUG 6388 --- [01-Sb-Logging-App] [restartedMain] _.s.web.servlet.HandlerMapping.Mappings  : 
	c.e.r.MsgRestController:
	{GET [/greet]}: getGreetMsg()
	{GET [/welcome]}: getWelcomeMsg()
2026-07-09T12:34:55.499+05:30 DEBUG 6388 --- [01-Sb-Logging-App] [restartedMain] _.s.web.servlet.HandlerMapping.Mappings  : 
	o.s.b.w.a.e.BasicErrorController:
	{ [/error]}: error(HttpServletRequest)
	{ [/error], produces [text/html]}: errorHtml(HttpServletRequest,HttpServletResponse)
2026-07-09T12:34:55.504+05:30 DEBUG 6388 --- [01-Sb-Logging-App] [restartedMain] s.w.s.m.m.a.RequestMappingHandlerMapping : 5 mappings in 'requestMappingHandlerMapping'
2026-07-09T12:34:55.505+05:30 DEBUG 6388 --- [01-Sb-Logging-App] [restartedMain] o.s.b.f.s.DefaultListableBeanFactory     : Creating shared instance of singleton bean 'mvcPatternParser'
2026-07-09T12:34:55.506+05:30 DEBUG 6388 --- [01-Sb-Logging-App] [restartedMain] o.s.b.f.s.DefaultListableBeanFactory     : Creating shared instance of singleton bean 'mvcUrlPathHelper'
2026-07-09T12:34:55.507+05:30 DEBUG 6388 --- [01-Sb-Logging-App] [restartedMain] o.s.b.f.s.DefaultListableBeanFactory     : Creating shared instance of singleton bean 'mvcPathMatcher'
2026-07-09T12:34:55.508+05:30 DEBUG 6388 --- [01-Sb-Logging-App] [restartedMain] o.s.b.f.s.DefaultListableBeanFactory     : Creating shared instance of singleton bean 'viewControllerHandlerMapping'
2026-07-09T12:34:55.509+05:30 DEBUG 6388 --- [01-Sb-Logging-App] [restartedMain] o.s.b.f.s.DefaultListableBeanFactory     : Autowiring by type from bean name 'viewControllerHandlerMapping' via factory method to bean named 'mvcConversionService'
2026-07-09T12:34:55.509+05:30 DEBUG 6388 --- [01-Sb-Logging-App] [restartedMain] o.s.b.f.s.DefaultListableBeanFactory     : Autowiring by type from bean name 'viewControllerHandlerMapping' via factory method to bean named 'mvcResourceUrlProvider'
2026-07-09T12:34:55.510+05:30 DEBUG 6388 --- [01-Sb-Logging-App] [restartedMain] o.s.b.f.s.DefaultListableBeanFactory     : Creating shared instance of singleton bean 'beanNameHandlerMapping'
2026-07-09T12:34:55.511+05:30 DEBUG 6388 --- [01-Sb-Logging-App] [restartedMain] o.s.b.f.s.DefaultListableBeanFactory     : Autowiring by type from bean name 'beanNameHandlerMapping' via factory method to bean named 'mvcConversionService'
2026-07-09T12:34:55.511+05:30 DEBUG 6388 --- [01-Sb-Logging-App] [restartedMain] o.s.b.f.s.DefaultListableBeanFactory     : Autowiring by type from bean name 'beanNameHandlerMapping' via factory method to bean named 'mvcResourceUrlProvider'
2026-07-09T12:34:55.515+05:30 DEBUG 6388 --- [01-Sb-Logging-App] [restartedMain] _.s.web.servlet.HandlerMapping.Mappings  : 'beanNameHandlerMapping' {}
2026-07-09T12:34:55.517+05:30 DEBUG 6388 --- [01-Sb-Logging-App] [restartedMain] o.s.b.f.s.DefaultListableBeanFactory     : Creating shared instance of singleton bean 'routerFunctionMapping'
2026-07-09T12:34:55.520+05:30 DEBUG 6388 --- [01-Sb-Logging-App] [restartedMain] o.s.b.f.s.DefaultListableBeanFactory     : Autowiring by type from bean name 'routerFunctionMapping' via factory method to bean named 'mvcConversionService'
2026-07-09T12:34:55.520+05:30 DEBUG 6388 --- [01-Sb-Logging-App] [restartedMain] o.s.b.f.s.DefaultListableBeanFactory     : Autowiring by type from bean name 'routerFunctionMapping' via factory method to bean named 'mvcResourceUrlProvider'
2026-07-09T12:34:55.520+05:30 DEBUG 6388 --- [01-Sb-Logging-App] [restartedMain] o.s.b.f.s.DefaultListableBeanFactory     : Autowiring by type from bean name 'routerFunctionMapping' via factory method to bean named 'mvcApiVersionStrategy'
2026-07-09T12:34:55.525+05:30 DEBUG 6388 --- [01-Sb-Logging-App] [restartedMain] o.s.b.f.s.DefaultListableBeanFactory     : Creating shared instance of singleton bean 'resourceHandlerMapping'
2026-07-09T12:34:55.526+05:30 DEBUG 6388 --- [01-Sb-Logging-App] [restartedMain] o.s.b.f.s.DefaultListableBeanFactory     : Autowiring by type from bean name 'resourceHandlerMapping' via factory method to bean named 'mvcContentNegotiationManager'
2026-07-09T12:34:55.526+05:30 DEBUG 6388 --- [01-Sb-Logging-App] [restartedMain] o.s.b.f.s.DefaultListableBeanFactory     : Autowiring by type from bean name 'resourceHandlerMapping' via factory method to bean named 'mvcConversionService'
2026-07-09T12:34:55.526+05:30 DEBUG 6388 --- [01-Sb-Logging-App] [restartedMain] o.s.b.f.s.DefaultListableBeanFactory     : Autowiring by type from bean name 'resourceHandlerMapping' via factory method to bean named 'mvcResourceUrlProvider'
2026-07-09T12:34:55.548+05:30 DEBUG 6388 --- [01-Sb-Logging-App] [restartedMain] _.s.web.servlet.HandlerMapping.Mappings  : 'resourceHandlerMapping' {/webjars/**=ResourceHttpRequestHandler [classpath [META-INF/resources/webjars/]], /**=ResourceHttpRequestHandler [classpath [META-INF/resources/], classpath [resources/], classpath [static/], classpath [public/], ServletContext [/]]}
2026-07-09T12:34:55.548+05:30 DEBUG 6388 --- [01-Sb-Logging-App] [restartedMain] o.s.b.f.s.DefaultListableBeanFactory     : Creating shared instance of singleton bean 'defaultServletHandlerMapping'
2026-07-09T12:34:55.549+05:30 DEBUG 6388 --- [01-Sb-Logging-App] [restartedMain] o.s.b.f.s.DefaultListableBeanFactory     : Creating shared instance of singleton bean 'requestMappingHandlerAdapter'
2026-07-09T12:34:55.552+05:30 DEBUG 6388 --- [01-Sb-Logging-App] [restartedMain] o.s.b.f.s.DefaultListableBeanFactory     : Autowiring by type from bean name 'requestMappingHandlerAdapter' via factory method to bean named 'mvcContentNegotiationManager'
2026-07-09T12:34:55.552+05:30 DEBUG 6388 --- [01-Sb-Logging-App] [restartedMain] o.s.b.f.s.DefaultListableBeanFactory     : Autowiring by type from bean name 'requestMappingHandlerAdapter' via factory method to bean named 'mvcConversionService'
2026-07-09T12:34:55.552+05:30 DEBUG 6388 --- [01-Sb-Logging-App] [restartedMain] o.s.b.f.s.DefaultListableBeanFactory     : Autowiring by type from bean name 'requestMappingHandlerAdapter' via factory method to bean named 'mvcValidator'
2026-07-09T12:34:55.583+05:30 DEBUG 6388 --- [01-Sb-Logging-App] [restartedMain] s.w.s.m.m.a.RequestMappingHandlerAdapter : ControllerAdvice beans: 0 @ModelAttribute, 0 @InitBinder, 2 RequestBodyAdvice, 1 ResponseBodyAdvice
2026-07-09T12:34:55.601+05:30 DEBUG 6388 --- [01-Sb-Logging-App] [RMI TCP Connection(2)-127.0.0.1] sun.rmi.transport.tcp                    : RMI TCP Connection(2)-127.0.0.1: (port 22381) op = 82
2026-07-09T12:34:55.602+05:30 DEBUG 6388 --- [01-Sb-Logging-App] [RMI TCP Connection(2)-127.0.0.1] sun.rmi.transport.tcp                    : RMI TCP Connection(2)-127.0.0.1: (port 22381) op = 80
2026-07-09T12:34:55.603+05:30 DEBUG 6388 --- [01-Sb-Logging-App] [RMI TCP Connection(2)-127.0.0.1] sun.rmi.loader                           : RMI TCP Connection(2)-127.0.0.1: name = "javax.management.ObjectName", codebase = ""
2026-07-09T12:34:55.603+05:30 DEBUG 6388 --- [01-Sb-Logging-App] [RMI TCP Connection(2)-127.0.0.1] javax.management.remote.rmi              : connectionId=rmi://127.0.0.1  1, name=org.springframework.boot:type=Admin,name=SpringApplication, attribute=Ready
2026-07-09T12:34:55.604+05:30 DEBUG 6388 --- [01-Sb-Logging-App] [RMI TCP Connection(2)-127.0.0.1] sun.rmi.server.call                      : RMI TCP Connection(2)-127.0.0.1: [127.0.0.1] exception: 

javax.management.InstanceNotFoundException: org.springframework.boot:type=Admin,name=SpringApplication
	at java.management/com.sun.jmx.interceptor.DefaultMBeanServerInterceptor.getMBean(DefaultMBeanServerInterceptor.java:1088) ~[na:na]
	at java.management/com.sun.jmx.interceptor.DefaultMBeanServerInterceptor.getAttribute(DefaultMBeanServerInterceptor.java:640) ~[na:na]
	at java.management/com.sun.jmx.mbeanserver.JmxMBeanServer.getAttribute(JmxMBeanServer.java:679) ~[na:na]
	at java.management.rmi/javax.management.remote.rmi.RMIConnectionImpl.doOperation(RMIConnectionImpl.java:1449) ~[na:na]
	at java.management.rmi/javax.management.remote.rmi.RMIConnectionImpl$PrivilegedOperation.run(RMIConnectionImpl.java:1310) ~[na:na]
	at java.management.rmi/javax.management.remote.rmi.RMIConnectionImpl.doPrivilegedOperation(RMIConnectionImpl.java:1405) ~[na:na]
	at java.management.rmi/javax.management.remote.rmi.RMIConnectionImpl.getAttribute(RMIConnectionImpl.java:639) ~[na:na]
	at java.base/jdk.internal.reflect.NativeMethodAccessorImpl.invoke0(Native Method) ~[na:na]
	at java.base/jdk.internal.reflect.NativeMethodAccessorImpl.invoke(NativeMethodAccessorImpl.java:77) ~[na:na]
	at java.base/jdk.internal.reflect.DelegatingMethodAccessorImpl.invoke(DelegatingMethodAccessorImpl.java:43) ~[na:na]
	at java.base/java.lang.reflect.Method.invoke(Method.java:568) ~[na:na]
	at java.rmi/sun.rmi.server.UnicastServerRef.dispatch(UnicastServerRef.java:360) ~[na:na]
	at java.rmi/sun.rmi.transport.Transport$1.run(Transport.java:200) ~[na:na]
	at java.rmi/sun.rmi.transport.Transport$1.run(Transport.java:197) ~[na:na]
	at java.base/java.security.AccessController.doPrivileged(AccessController.java:712) ~[na:na]
	at java.rmi/sun.rmi.transport.Transport.serviceCall(Transport.java:196) ~[na:na]
	at java.rmi/sun.rmi.transport.tcp.TCPTransport.handleMessages(TCPTransport.java:587) ~[na:na]
	at java.rmi/sun.rmi.transport.tcp.TCPTransport$ConnectionHandler.run0(TCPTransport.java:828) ~[na:na]
	at java.rmi/sun.rmi.transport.tcp.TCPTransport$ConnectionHandler.lambda$run$0(TCPTransport.java:705) ~[na:na]
	at java.base/java.security.AccessController.doPrivileged(AccessController.java:399) ~[na:na]
	at java.rmi/sun.rmi.transport.tcp.TCPTransport$ConnectionHandler.run(TCPTransport.java:704) ~[na:na]
	at java.base/java.util.concurrent.ThreadPoolExecutor.runWorker(ThreadPoolExecutor.java:1136) ~[na:na]
	at java.base/java.util.concurrent.ThreadPoolExecutor$Worker.run(ThreadPoolExecutor.java:635) ~[na:na]
	at java.base/java.lang.Thread.run(Thread.java:842) ~[na:na]

2026-07-09T12:34:55.627+05:30 DEBUG 6388 --- [01-Sb-Logging-App] [restartedMain] o.s.b.f.s.DefaultListableBeanFactory     : Creating shared instance of singleton bean 'mvcViewResolver'
2026-07-09T12:34:55.628+05:30 DEBUG 6388 --- [01-Sb-Logging-App] [restartedMain] o.s.b.f.s.DefaultListableBeanFactory     : Autowiring by type from bean name 'mvcViewResolver' via factory method to bean named 'mvcContentNegotiationManager'
2026-07-09T12:34:55.634+05:30 DEBUG 6388 --- [01-Sb-Logging-App] [restartedMain] o.s.b.f.s.DefaultListableBeanFactory     : Creating shared instance of singleton bean 'defaultViewResolver'
2026-07-09T12:34:55.643+05:30 DEBUG 6388 --- [01-Sb-Logging-App] [restartedMain] o.s.b.f.s.DefaultListableBeanFactory     : Creating shared instance of singleton bean 'viewResolver'
2026-07-09T12:34:55.644+05:30 DEBUG 6388 --- [01-Sb-Logging-App] [restartedMain] o.s.b.f.s.DefaultListableBeanFactory     : Autowiring by type from bean name 'viewResolver' via factory method to bean named 'org.springframework.beans.factory.support.DefaultListableBeanFactory@185a1187'
2026-07-09T12:34:55.649+05:30 DEBUG 6388 --- [01-Sb-Logging-App] [restartedMain] o.s.b.f.s.DefaultListableBeanFactory     : Creating shared instance of singleton bean 'viewResolver'
2026-07-09T12:34:55.664+05:30 DEBUG 6388 --- [01-Sb-Logging-App] [restartedMain] o.s.b.f.s.DefaultListableBeanFactory     : Creating shared instance of singleton bean 'handlerFunctionAdapter'
2026-07-09T12:34:55.667+05:30 DEBUG 6388 --- [01-Sb-Logging-App] [restartedMain] o.s.b.f.s.DefaultListableBeanFactory     : Creating shared instance of singleton bean 'mvcUriComponentsContributor'
2026-07-09T12:34:55.668+05:30 DEBUG 6388 --- [01-Sb-Logging-App] [restartedMain] o.s.b.f.s.DefaultListableBeanFactory     : Autowiring by type from bean name 'mvcUriComponentsContributor' via factory method to bean named 'mvcConversionService'
2026-07-09T12:34:55.668+05:30 DEBUG 6388 --- [01-Sb-Logging-App] [restartedMain] o.s.b.f.s.DefaultListableBeanFactory     : Autowiring by type from bean name 'mvcUriComponentsContributor' via factory method to bean named 'requestMappingHandlerAdapter'
2026-07-09T12:34:55.671+05:30 DEBUG 6388 --- [01-Sb-Logging-App] [restartedMain] o.s.b.f.s.DefaultListableBeanFactory     : Creating shared instance of singleton bean 'httpRequestHandlerAdapter'
2026-07-09T12:34:55.672+05:30 DEBUG 6388 --- [01-Sb-Logging-App] [restartedMain] o.s.b.f.s.DefaultListableBeanFactory     : Creating shared instance of singleton bean 'simpleControllerHandlerAdapter'
2026-07-09T12:34:55.673+05:30 DEBUG 6388 --- [01-Sb-Logging-App] [restartedMain] o.s.b.f.s.DefaultListableBeanFactory     : Creating shared instance of singleton bean 'handlerExceptionResolver'
2026-07-09T12:34:55.674+05:30 DEBUG 6388 --- [01-Sb-Logging-App] [restartedMain] o.s.b.f.s.DefaultListableBeanFactory     : Autowiring by type from bean name 'handlerExceptionResolver' via factory method to bean named 'mvcContentNegotiationManager'
2026-07-09T12:34:55.682+05:30 DEBUG 6388 --- [01-Sb-Logging-App] [restartedMain] .m.m.a.ExceptionHandlerExceptionResolver : ControllerAdvice beans: 0 @ExceptionHandler, 1 ResponseBodyAdvice
2026-07-09T12:34:55.688+05:30 DEBUG 6388 --- [01-Sb-Logging-App] [restartedMain] o.s.b.f.s.DefaultListableBeanFactory     : Creating shared instance of singleton bean 'org.springframework.boot.autoconfigure.jmx.JmxAutoConfiguration'
2026-07-09T12:34:55.689+05:30 DEBUG 6388 --- [01-Sb-Logging-App] [restartedMain] o.s.b.f.s.DefaultListableBeanFactory     : Creating shared instance of singleton bean 'spring.jmx-org.springframework.boot.autoconfigure.jmx.JmxProperties'
2026-07-09T12:34:55.692+05:30 DEBUG 6388 --- [01-Sb-Logging-App] [restartedMain] o.s.b.f.s.DefaultListableBeanFactory     : Autowiring by type from bean name 'org.springframework.boot.autoconfigure.jmx.JmxAutoConfiguration' via constructor to bean named 'spring.jmx-org.springframework.boot.autoconfigure.jmx.JmxProperties'
2026-07-09T12:34:55.692+05:30 DEBUG 6388 --- [01-Sb-Logging-App] [restartedMain] o.s.b.f.s.DefaultListableBeanFactory     : Creating shared instance of singleton bean 'mbeanExporter'
2026-07-09T12:34:55.693+05:30 DEBUG 6388 --- [01-Sb-Logging-App] [restartedMain] o.s.b.f.s.DefaultListableBeanFactory     : Creating shared instance of singleton bean 'objectNamingStrategy'
2026-07-09T12:34:55.700+05:30 DEBUG 6388 --- [01-Sb-Logging-App] [restartedMain] o.s.b.f.s.DefaultListableBeanFactory     : Autowiring by type from bean name 'mbeanExporter' via factory method to bean named 'objectNamingStrategy'
2026-07-09T12:34:55.701+05:30 DEBUG 6388 --- [01-Sb-Logging-App] [restartedMain] o.s.b.f.s.DefaultListableBeanFactory     : Autowiring by type from bean name 'mbeanExporter' via factory method to bean named 'org.springframework.beans.factory.support.DefaultListableBeanFactory@185a1187'
2026-07-09T12:34:55.711+05:30 DEBUG 6388 --- [01-Sb-Logging-App] [restartedMain] o.s.b.f.s.DefaultListableBeanFactory     : Creating shared instance of singleton bean 'mbeanServer'
2026-07-09T12:34:55.717+05:30 DEBUG 6388 --- [01-Sb-Logging-App] [restartedMain] o.springframework.jmx.support.JmxUtils   : Found MBeanServer: com.sun.jmx.mbeanserver.JmxMBeanServer@2c13da15
2026-07-09T12:34:55.722+05:30 DEBUG 6388 --- [01-Sb-Logging-App] [restartedMain] o.s.b.f.s.DefaultListableBeanFactory     : Creating shared instance of singleton bean 'org.springframework.boot.autoconfigure.admin.SpringApplicationAdminJmxAutoConfiguration'
2026-07-09T12:34:55.723+05:30 DEBUG 6388 --- [01-Sb-Logging-App] [restartedMain] o.s.b.f.s.DefaultListableBeanFactory     : Creating shared instance of singleton bean 'springApplicationAdminRegistrar'
2026-07-09T12:34:55.724+05:30 DEBUG 6388 --- [01-Sb-Logging-App] [restartedMain] o.s.b.f.s.DefaultListableBeanFactory     : Autowiring by type from bean name 'springApplicationAdminRegistrar' via factory method to bean named 'environment'
2026-07-09T12:34:55.729+05:30 DEBUG 6388 --- [01-Sb-Logging-App] [restartedMain] inMXBeanRegistrar$SpringApplicationAdmin : Application Admin MBean registered with name 'org.springframework.boot:type=Admin,name=SpringApplication'
2026-07-09T12:34:55.729+05:30 DEBUG 6388 --- [01-Sb-Logging-App] [restartedMain] o.s.b.f.s.DefaultListableBeanFactory     : Creating shared instance of singleton bean 'org.springframework.boot.autoconfigure.aop.AopAutoConfiguration$ClassProxyingConfiguration'
2026-07-09T12:34:55.732+05:30 DEBUG 6388 --- [01-Sb-Logging-App] [restartedMain] o.s.b.f.s.DefaultListableBeanFactory     : Creating shared instance of singleton bean 'org.springframework.boot.autoconfigure.aop.AopAutoConfiguration'
2026-07-09T12:34:55.735+05:30 DEBUG 6388 --- [01-Sb-Logging-App] [restartedMain] o.s.b.f.s.DefaultListableBeanFactory     : Creating shared instance of singleton bean 'org.springframework.boot.autoconfigure.availability.ApplicationAvailabilityAutoConfiguration'
2026-07-09T12:34:55.736+05:30 DEBUG 6388 --- [01-Sb-Logging-App] [restartedMain] o.s.b.f.s.DefaultListableBeanFactory     : Creating shared instance of singleton bean 'applicationAvailability'
2026-07-09T12:34:55.739+05:30 DEBUG 6388 --- [01-Sb-Logging-App] [restartedMain] o.s.b.f.s.DefaultListableBeanFactory     : Creating shared instance of singleton bean 'org.springframework.boot.autoconfigure.context.ConfigurationPropertiesAutoConfiguration'
2026-07-09T12:34:55.741+05:30 DEBUG 6388 --- [01-Sb-Logging-App] [restartedMain] o.s.b.f.s.DefaultListableBeanFactory     : Creating shared instance of singleton bean 'org.springframework.boot.autoconfigure.context.LifecycleAutoConfiguration'
2026-07-09T12:34:55.742+05:30 DEBUG 6388 --- [01-Sb-Logging-App] [restartedMain] o.s.b.f.s.DefaultListableBeanFactory     : Creating shared instance of singleton bean 'lifecycleProcessor'
2026-07-09T12:34:55.744+05:30 DEBUG 6388 --- [01-Sb-Logging-App] [restartedMain] o.s.b.f.s.DefaultListableBeanFactory     : Creating shared instance of singleton bean 'spring.lifecycle-org.springframework.boot.autoconfigure.context.LifecycleProperties'
2026-07-09T12:34:55.758+05:30 DEBUG 6388 --- [01-Sb-Logging-App] [restartedMain] o.s.b.f.s.DefaultListableBeanFactory     : Autowiring by type from bean name 'lifecycleProcessor' via factory method to bean named 'spring.lifecycle-org.springframework.boot.autoconfigure.context.LifecycleProperties'
2026-07-09T12:34:55.762+05:30 DEBUG 6388 --- [01-Sb-Logging-App] [restartedMain] o.s.b.f.s.DefaultListableBeanFactory     : Creating shared instance of singleton bean 'org.springframework.boot.autoconfigure.info.ProjectInfoAutoConfiguration'
2026-07-09T12:34:55.771+05:30 DEBUG 6388 --- [01-Sb-Logging-App] [restartedMain] o.s.b.f.s.DefaultListableBeanFactory     : Creating shared instance of singleton bean 'spring.info-org.springframework.boot.autoconfigure.info.ProjectInfoProperties'
2026-07-09T12:34:55.774+05:30 DEBUG 6388 --- [01-Sb-Logging-App] [restartedMain] o.s.b.f.s.DefaultListableBeanFactory     : Autowiring by type from bean name 'org.springframework.boot.autoconfigure.info.ProjectInfoAutoConfiguration' via constructor to bean named 'spring.info-org.springframework.boot.autoconfigure.info.ProjectInfoProperties'
2026-07-09T12:34:55.775+05:30 DEBUG 6388 --- [01-Sb-Logging-App] [restartedMain] o.s.b.f.s.DefaultListableBeanFactory     : Creating shared instance of singleton bean 'org.springframework.boot.autoconfigure.task.TaskSchedulingConfigurations$ThreadPoolTaskSchedulerBuilderConfiguration'
2026-07-09T12:34:55.776+05:30 DEBUG 6388 --- [01-Sb-Logging-App] [restartedMain] o.s.b.f.s.DefaultListableBeanFactory     : Creating shared instance of singleton bean 'threadPoolTaskSchedulerBuilder'
2026-07-09T12:34:55.778+05:30 DEBUG 6388 --- [01-Sb-Logging-App] [restartedMain] o.s.b.f.s.DefaultListableBeanFactory     : Creating shared instance of singleton bean 'spring.task.scheduling-org.springframework.boot.autoconfigure.task.TaskSchedulingProperties'
2026-07-09T12:34:55.785+05:30 DEBUG 6388 --- [01-Sb-Logging-App] [restartedMain] o.s.b.f.s.DefaultListableBeanFactory     : Autowiring by type from bean name 'threadPoolTaskSchedulerBuilder' via factory method to bean named 'spring.task.scheduling-org.springframework.boot.autoconfigure.task.TaskSchedulingProperties'
2026-07-09T12:34:55.788+05:30 DEBUG 6388 --- [01-Sb-Logging-App] [restartedMain] o.s.b.f.s.DefaultListableBeanFactory     : Creating shared instance of singleton bean 'org.springframework.boot.autoconfigure.task.TaskSchedulingConfigurations$SimpleAsyncTaskSchedulerBuilderConfiguration'
2026-07-09T12:34:55.789+05:30 DEBUG 6388 --- [01-Sb-Logging-App] [restartedMain] o.s.b.f.s.DefaultListableBeanFactory     : Autowiring by type from bean name 'org.springframework.boot.autoconfigure.task.TaskSchedulingConfigurations$SimpleAsyncTaskSchedulerBuilderConfiguration' via constructor to bean named 'spring.task.scheduling-org.springframework.boot.autoconfigure.task.TaskSchedulingProperties'
2026-07-09T12:34:55.790+05:30 DEBUG 6388 --- [01-Sb-Logging-App] [restartedMain] o.s.b.f.s.DefaultListableBeanFactory     : Creating shared instance of singleton bean 'simpleAsyncTaskSchedulerBuilder'
2026-07-09T12:34:55.794+05:30 DEBUG 6388 --- [01-Sb-Logging-App] [restartedMain] o.s.b.f.s.DefaultListableBeanFactory     : Creating shared instance of singleton bean 'org.springframework.boot.autoconfigure.task.TaskSchedulingAutoConfiguration'
2026-07-09T12:34:55.802+05:30 DEBUG 6388 --- [01-Sb-Logging-App] [restartedMain] o.s.b.f.s.DefaultListableBeanFactory     : Creating shared instance of singleton bean 'org.springframework.boot.devtools.autoconfigure.LocalDevToolsAutoConfiguration$RestartConfiguration'
2026-07-09T12:34:55.803+05:30 DEBUG 6388 --- [01-Sb-Logging-App] [restartedMain] o.s.b.f.s.DefaultListableBeanFactory     : Creating shared instance of singleton bean 'spring.devtools-org.springframework.boot.devtools.autoconfigure.DevToolsProperties'
2026-07-09T12:34:55.805+05:30 DEBUG 6388 --- [01-Sb-Logging-App] [restartedMain] o.s.b.f.s.DefaultListableBeanFactory     : Autowiring by type from bean name 'org.springframework.boot.devtools.autoconfigure.LocalDevToolsAutoConfiguration$RestartConfiguration' via constructor to bean named 'spring.devtools-org.springframework.boot.devtools.autoconfigure.DevToolsProperties'
2026-07-09T12:34:55.806+05:30 DEBUG 6388 --- [01-Sb-Logging-App] [restartedMain] o.s.b.f.s.DefaultListableBeanFactory     : Creating shared instance of singleton bean 'restartingClassPathChangedEventListener'
2026-07-09T12:34:55.807+05:30 DEBUG 6388 --- [01-Sb-Logging-App] [restartedMain] o.s.b.f.s.DefaultListableBeanFactory     : Creating shared instance of singleton bean 'fileSystemWatcherFactory'
2026-07-09T12:34:55.808+05:30 DEBUG 6388 --- [01-Sb-Logging-App] [restartedMain] o.s.b.f.s.DefaultListableBeanFactory     : Autowiring by type from bean name 'restartingClassPathChangedEventListener' via factory method to bean named 'fileSystemWatcherFactory'
2026-07-09T12:34:55.811+05:30 DEBUG 6388 --- [01-Sb-Logging-App] [restartedMain] o.s.b.f.s.DefaultListableBeanFactory     : Creating shared instance of singleton bean 'classPathFileSystemWatcher'
2026-07-09T12:34:55.812+05:30 DEBUG 6388 --- [01-Sb-Logging-App] [restartedMain] o.s.b.f.s.DefaultListableBeanFactory     : Creating shared instance of singleton bean 'classPathRestartStrategy'
2026-07-09T12:34:55.816+05:30 DEBUG 6388 --- [01-Sb-Logging-App] [restartedMain] o.s.b.f.s.DefaultListableBeanFactory     : Autowiring by type from bean name 'classPathFileSystemWatcher' via factory method to bean named 'fileSystemWatcherFactory'
2026-07-09T12:34:55.817+05:30 DEBUG 6388 --- [01-Sb-Logging-App] [restartedMain] o.s.b.f.s.DefaultListableBeanFactory     : Autowiring by type from bean name 'classPathFileSystemWatcher' via factory method to bean named 'classPathRestartStrategy'
2026-07-09T12:34:55.838+05:30 DEBUG 6388 --- [01-Sb-Logging-App] [restartedMain] o.s.b.f.s.DefaultListableBeanFactory     : Creating shared instance of singleton bean 'conditionEvaluationDeltaLoggingListener'
2026-07-09T12:34:55.839+05:30 DEBUG 6388 --- [01-Sb-Logging-App] [restartedMain] o.s.b.f.s.DefaultListableBeanFactory     : Creating shared instance of singleton bean 'org.springframework.boot.devtools.autoconfigure.LocalDevToolsAutoConfiguration'
2026-07-09T12:34:55.840+05:30 DEBUG 6388 --- [01-Sb-Logging-App] [restartedMain] o.s.b.f.s.DefaultListableBeanFactory     : Creating shared instance of singleton bean 'org.springframework.boot.http.converter.autoconfigure.JacksonHttpMessageConvertersConfiguration'
2026-07-09T12:34:55.840+05:30 DEBUG 6388 --- [01-Sb-Logging-App] [restartedMain] o.s.b.f.s.DefaultListableBeanFactory     : Creating shared instance of singleton bean 'org.springframework.boot.http.converter.autoconfigure.Jackson2HttpMessageConvertersConfiguration'
2026-07-09T12:34:55.841+05:30 DEBUG 6388 --- [01-Sb-Logging-App] [restartedMain] o.s.b.f.s.DefaultListableBeanFactory     : Creating shared instance of singleton bean 'clientConvertersCustomizer'
2026-07-09T12:34:55.843+05:30 DEBUG 6388 --- [01-Sb-Logging-App] [restartedMain] o.s.b.f.s.DefaultListableBeanFactory     : Creating shared instance of singleton bean 'multipartResolver'
2026-07-09T12:34:55.871+05:30 DEBUG 6388 --- [01-Sb-Logging-App] [restartedMain] o.s.j.e.a.AnnotationMBeanExporter        : Registering beans for JMX exposure on startup
2026-07-09T12:34:55.871+05:30 DEBUG 6388 --- [01-Sb-Logging-App] [restartedMain] o.s.j.e.a.AnnotationMBeanExporter        : Auto-detecting user-defined JMX MBeans
2026-07-09T12:34:55.890+05:30 DEBUG 6388 --- [01-Sb-Logging-App] [restartedMain] o.s.c.support.DefaultLifecycleProcessor  : Starting beans in phase -2147483647
2026-07-09T12:34:55.891+05:30 DEBUG 6388 --- [01-Sb-Logging-App] [restartedMain] o.s.c.support.DefaultLifecycleProcessor  : Successfully started bean 'springBootLoggingLifecycle'
2026-07-09T12:34:55.891+05:30 DEBUG 6388 --- [01-Sb-Logging-App] [restartedMain] o.s.c.support.DefaultLifecycleProcessor  : Starting beans in phase 1073741823
2026-07-09T12:34:55.892+05:30 DEBUG 6388 --- [01-Sb-Logging-App] [restartedMain] o.s.c.support.DefaultLifecycleProcessor  : Starting beans in phase 2147481599
2026-07-09T12:34:55.939+05:30  INFO 6388 --- [01-Sb-Logging-App] [restartedMain] o.s.boot.tomcat.TomcatWebServer          : Tomcat started on port 8080 (http) with context path '/'
2026-07-09T12:34:55.942+05:30 DEBUG 6388 --- [01-Sb-Logging-App] [restartedMain] o.s.c.support.DefaultLifecycleProcessor  : Successfully started bean 'webServerStartStop'
2026-07-09T12:34:55.942+05:30 DEBUG 6388 --- [01-Sb-Logging-App] [restartedMain] o.s.c.support.DefaultLifecycleProcessor  : Starting beans in phase 2147482623
2026-07-09T12:34:55.942+05:30 DEBUG 6388 --- [01-Sb-Logging-App] [restartedMain] o.s.c.support.DefaultLifecycleProcessor  : Successfully started bean 'webServerGracefulShutdown'
2026-07-09T12:34:55.956+05:30 DEBUG 6388 --- [01-Sb-Logging-App] [restartedMain] .s.b.a.l.ConditionEvaluationReportLogger : 


============================
CONDITIONS EVALUATION REPORT
============================


Positive matches:
-----------------

   AopAutoConfiguration matched:
      - @ConditionalOnBooleanProperty (spring.aop.auto=true) matched (OnPropertyCondition)

   AopAutoConfiguration.ClassProxyingConfiguration matched:
      - @ConditionalOnMissingClass did not find unwanted class 'org.aspectj.weaver.Advice' (OnClassCondition)
      - @ConditionalOnBooleanProperty (spring.aop.proxy-target-class=true) matched (OnPropertyCondition)

   ApplicationAvailabilityAutoConfiguration#applicationAvailability matched:
      - @ConditionalOnMissingBean (types: org.springframework.boot.availability.ApplicationAvailability; SearchStrategy: all) did not find any beans (OnBeanCondition)

   DispatcherServletAutoConfiguration matched:
      - @ConditionalOnClass found required class 'org.springframework.web.servlet.DispatcherServlet' (OnClassCondition)
      - found 'session' scope (OnWebApplicationCondition)

   DispatcherServletAutoConfiguration.DispatcherServletConfiguration matched:
      - @ConditionalOnClass found required class 'jakarta.servlet.ServletRegistration' (OnClassCondition)
      - Default DispatcherServlet did not find dispatcher servlet beans (DispatcherServletAutoConfiguration.DefaultDispatcherServletCondition)

   DispatcherServletAutoConfiguration.DispatcherServletRegistrationConfiguration matched:
      - @ConditionalOnClass found required class 'jakarta.servlet.ServletRegistration' (OnClassCondition)
      - DispatcherServlet Registration did not find servlet registration bean (DispatcherServletAutoConfiguration.DispatcherServletRegistrationCondition)

   DispatcherServletAutoConfiguration.DispatcherServletRegistrationConfiguration#dispatcherServletRegistration matched:
      - @ConditionalOnBean (names: dispatcherServlet types: org.springframework.web.servlet.DispatcherServlet; SearchStrategy: all) found bean 'dispatcherServlet' (OnBeanCondition)

   ErrorMvcAutoConfiguration matched:
      - @ConditionalOnClass found required classes 'jakarta.servlet.Servlet', 'org.springframework.web.servlet.DispatcherServlet' (OnClassCondition)
      - found 'session' scope (OnWebApplicationCondition)

   ErrorMvcAutoConfiguration#basicErrorController matched:
      - @ConditionalOnMissingBean (types: org.springframework.boot.webmvc.error.ErrorController; SearchStrategy: current) did not find any beans (OnBeanCondition)

   ErrorMvcAutoConfiguration#errorAttributes matched:
      - @ConditionalOnMissingBean (types: org.springframework.boot.webmvc.error.ErrorAttributes; SearchStrategy: current) did not find any beans (OnBeanCondition)

   ErrorMvcAutoConfiguration.DefaultErrorViewResolverConfiguration#conventionErrorViewResolver matched:
      - @ConditionalOnBean (types: org.springframework.web.servlet.DispatcherServlet; SearchStrategy: all) found bean 'dispatcherServlet'; @ConditionalOnMissingBean (types: org.springframework.boot.webmvc.autoconfigure.error.ErrorViewResolver; SearchStrategy: all) did not find any beans (OnBeanCondition)

   ErrorMvcAutoConfiguration.WhitelabelErrorViewConfiguration matched:
      - @ConditionalOnBooleanProperty (spring.web.error.whitelabel.enabled=true) matched (OnPropertyCondition)
      - ErrorTemplate Missing did not find error template view (ErrorMvcAutoConfiguration.ErrorTemplateMissingCondition)

   ErrorMvcAutoConfiguration.WhitelabelErrorViewConfiguration#beanNameViewResolver matched:
      - @ConditionalOnMissingBean (types: org.springframework.web.servlet.view.BeanNameViewResolver; SearchStrategy: all) did not find any beans (OnBeanCondition)

   ErrorMvcAutoConfiguration.WhitelabelErrorViewConfiguration#defaultErrorView matched:
      - @ConditionalOnMissingBean (names: error; SearchStrategy: all) did not find any beans (OnBeanCondition)

   HttpEncodingAutoConfiguration matched:
      - @ConditionalOnClass found required class 'org.springframework.web.filter.CharacterEncodingFilter' (OnClassCondition)
      - found 'session' scope (OnWebApplicationCondition)
      - @ConditionalOnBooleanProperty (spring.servlet.encoding.enabled=true) matched (OnPropertyCondition)

   HttpEncodingAutoConfiguration#characterEncodingFilter matched:
      - @ConditionalOnMissingBean (types: org.springframework.web.filter.CharacterEncodingFilter; SearchStrategy: all) did not find any beans (OnBeanCondition)

   HttpMessageConvertersAutoConfiguration matched:
      - @ConditionalOnClass found required class 'org.springframework.http.converter.HttpMessageConverter' (OnClassCondition)
      - NoneNestedConditions 0 matched 1 did not; NestedCondition on HttpMessageConvertersAutoConfiguration.NotReactiveWebApplicationCondition.ReactiveWebApplication did not find reactive web application classes (HttpMessageConvertersAutoConfiguration.NotReactiveWebApplicationCondition)

   HttpMessageConvertersAutoConfiguration.StringHttpMessageConverterConfiguration#stringHttpMessageConvertersCustomizer matched:
      - @ConditionalOnMissingBean (types: org.springframework.http.converter.StringHttpMessageConverter; SearchStrategy: all) did not find any beans (OnBeanCondition)

   JacksonAutoConfiguration matched:
      - @ConditionalOnClass found required class 'tools.jackson.databind.json.JsonMapper' (OnClassCondition)

   JacksonAutoConfiguration#jacksonJsonMapper matched:
      - @ConditionalOnMissingBean (types: tools.jackson.databind.json.JsonMapper; SearchStrategy: all) did not find any beans (OnBeanCondition)

   JacksonAutoConfiguration#jsonFactory matched:
      - @ConditionalOnMissingBean (types: tools.jackson.core.json.JsonFactory; SearchStrategy: all) did not find any beans (OnBeanCondition)

   JacksonAutoConfiguration#jsonMapperBuilder matched:
      - @ConditionalOnMissingBean (types: tools.jackson.databind.json.JsonMapper$Builder; SearchStrategy: all) did not find any beans (OnBeanCondition)

   JacksonAutoConfiguration.JsonProblemDetailsConfiguration matched:
      - @ConditionalOnClass found required class 'org.springframework.http.ProblemDetail' (OnClassCondition)

   JacksonHttpMessageConvertersConfiguration.JacksonJsonHttpMessageConverterConfiguration matched:
      - @ConditionalOnClass found required class 'tools.jackson.databind.json.JsonMapper' (OnClassCondition)
      - @ConditionalOnProperty (spring.http.converters.preferred-json-mapper=jackson) matched (OnPropertyCondition)
      - @ConditionalOnBean (types: tools.jackson.databind.json.JsonMapper; SearchStrategy: all) found bean 'jacksonJsonMapper' (OnBeanCondition)

   JacksonHttpMessageConvertersConfiguration.JacksonJsonHttpMessageConverterConfiguration#jacksonJsonHttpMessageConvertersCustomizer matched:
      - @ConditionalOnMissingBean (types: org.springframework.http.converter.json.JacksonJsonHttpMessageConverter ignored: org.springframework.hateoas.server.mvc.TypeConstrainedJacksonJsonHttpMessageConverter,org.springframework.data.rest.webmvc.alps.AlpsJacksonJsonHttpMessageConverter; SearchStrategy: all) did not find any beans (OnBeanCondition)

   JmxAutoConfiguration matched:
      - @ConditionalOnClass found required class 'org.springframework.jmx.export.MBeanExporter' (OnClassCondition)
      - @ConditionalOnBooleanProperty (spring.jmx.enabled=true) matched (OnPropertyCondition)

   JmxAutoConfiguration#mbeanExporter matched:
      - @ConditionalOnMissingBean (types: org.springframework.jmx.export.MBeanExporter; SearchStrategy: current) did not find any beans (OnBeanCondition)

   JmxAutoConfiguration#mbeanServer matched:
      - @ConditionalOnMissingBean (types: javax.management.MBeanServer; SearchStrategy: all) did not find any beans (OnBeanCondition)

   JmxAutoConfiguration#objectNamingStrategy matched:
      - @ConditionalOnMissingBean (types: org.springframework.jmx.export.naming.ObjectNamingStrategy; SearchStrategy: current) did not find any beans (OnBeanCondition)

   LifecycleAutoConfiguration#defaultLifecycleProcessor matched:
      - @ConditionalOnMissingBean (names: lifecycleProcessor; SearchStrategy: current) did not find any beans (OnBeanCondition)

   LocalDevToolsAutoConfiguration matched:
      - Initialized Restarter Condition available and initialized (OnInitializedRestarterCondition)

   LocalDevToolsAutoConfiguration.RestartConfiguration matched:
      - @ConditionalOnBooleanProperty (spring.devtools.restart.enabled=true) matched (OnPropertyCondition)

   LocalDevToolsAutoConfiguration.RestartConfiguration#classPathFileSystemWatcher matched:
      - @ConditionalOnMissingBean (types: org.springframework.boot.devtools.classpath.ClassPathFileSystemWatcher; SearchStrategy: all) did not find any beans (OnBeanCondition)

   LocalDevToolsAutoConfiguration.RestartConfiguration#classPathRestartStrategy matched:
      - @ConditionalOnMissingBean (types: org.springframework.boot.devtools.classpath.ClassPathRestartStrategy; SearchStrategy: all) did not find any beans (OnBeanCondition)

   LocalDevToolsAutoConfiguration.RestartConfiguration#conditionEvaluationDeltaLoggingListener matched:
      - @ConditionalOnBooleanProperty (spring.devtools.restart.log-condition-evaluation-delta=true) matched (OnPropertyCondition)

   MultipartAutoConfiguration matched:
      - @ConditionalOnClass found required classes 'jakarta.servlet.Servlet', 'org.springframework.web.multipart.support.StandardServletMultipartResolver', 'jakarta.servlet.MultipartConfigElement' (OnClassCondition)
      - found 'session' scope (OnWebApplicationCondition)
      - @ConditionalOnBooleanProperty (spring.servlet.multipart.enabled=true) matched (OnPropertyCondition)

   MultipartAutoConfiguration#multipartConfigElement matched:
      - @ConditionalOnMissingBean (types: jakarta.servlet.MultipartConfigElement; SearchStrategy: all) did not find any beans (OnBeanCondition)

   MultipartAutoConfiguration#multipartResolver matched:
      - @ConditionalOnMissingBean (types: org.springframework.web.multipart.MultipartResolver; SearchStrategy: all) did not find any beans (OnBeanCondition)

   PropertyPlaceholderAutoConfiguration#propertySourcesPlaceholderConfigurer matched:
      - @ConditionalOnMissingBean (types: org.springframework.context.support.PropertySourcesPlaceholderConfigurer; SearchStrategy: current) did not find any beans (OnBeanCondition)

   SpringApplicationAdminJmxAutoConfiguration matched:
      - @ConditionalOnBooleanProperty (spring.application.admin.enabled=true) matched (OnPropertyCondition)

   SpringApplicationAdminJmxAutoConfiguration#springApplicationAdminRegistrar matched:
      - @ConditionalOnMissingBean (types: org.springframework.boot.admin.SpringApplicationAdminMXBeanRegistrar; SearchStrategy: all) did not find any beans (OnBeanCondition)

   SslAutoConfiguration#sslBundleRegistry matched:
      - @ConditionalOnMissingBean (types: org.springframework.boot.ssl.SslBundleRegistry,org.springframework.boot.ssl.SslBundles; SearchStrategy: all) did not find any beans (OnBeanCondition)

   TaskExecutionAutoConfiguration matched:
      - @ConditionalOnClass found required class 'org.springframework.scheduling.concurrent.ThreadPoolTaskExecutor' (OnClassCondition)

   TaskExecutorConfigurations.AsyncConfigurerConfiguration matched:
      - @ConditionalOnMissingBean (types: org.springframework.scheduling.annotation.AsyncConfigurer; SearchStrategy: all) did not find any beans (OnBeanCondition)

   TaskExecutorConfigurations.SimpleAsyncTaskExecutorBuilderConfiguration#simpleAsyncTaskExecutorBuilder matched:
      - @ConditionalOnMissingBean (types: org.springframework.boot.task.SimpleAsyncTaskExecutorBuilder; SearchStrategy: all) did not find any beans (OnBeanCondition)
      - @ConditionalOnThreading found PLATFORM (OnThreadingCondition)

   TaskExecutorConfigurations.TaskExecutorConfiguration matched:
      - AnyNestedCondition 1 matched 1 did not; NestedCondition on TaskExecutorConfigurations.OnExecutorCondition.ModelCondition @ConditionalOnProperty (spring.task.execution.mode=force) did not find property 'spring.task.execution.mode'; NestedCondition on TaskExecutorConfigurations.OnExecutorCondition.ExecutorBeanCondition @ConditionalOnMissingBean (types: java.util.concurrent.Executor; SearchStrategy: all) did not find any beans (TaskExecutorConfigurations.OnExecutorCondition)

   TaskExecutorConfigurations.TaskExecutorConfiguration#applicationTaskExecutor matched:
      - @ConditionalOnThreading found PLATFORM (OnThreadingCondition)

   TaskExecutorConfigurations.ThreadPoolTaskExecutorBuilderConfiguration#threadPoolTaskExecutorBuilder matched:
      - @ConditionalOnMissingBean (types: org.springframework.boot.task.ThreadPoolTaskExecutorBuilder; SearchStrategy: all) did not find any beans (OnBeanCondition)

   TaskSchedulingAutoConfiguration matched:
      - @ConditionalOnClass found required class 'org.springframework.scheduling.concurrent.ThreadPoolTaskScheduler' (OnClassCondition)

   TaskSchedulingConfigurations.SimpleAsyncTaskSchedulerBuilderConfiguration#simpleAsyncTaskSchedulerBuilder matched:
      - @ConditionalOnMissingBean (types: org.springframework.boot.task.SimpleAsyncTaskSchedulerBuilder; SearchStrategy: all) did not find any beans (OnBeanCondition)
      - @ConditionalOnThreading found PLATFORM (OnThreadingCondition)

   TaskSchedulingConfigurations.ThreadPoolTaskSchedulerBuilderConfiguration#threadPoolTaskSchedulerBuilder matched:
      - @ConditionalOnMissingBean (types: org.springframework.boot.task.ThreadPoolTaskSchedulerBuilder; SearchStrategy: all) did not find any beans (OnBeanCondition)

   TomcatServletWebServerAutoConfiguration matched:
      - @ConditionalOnClass found required classes 'jakarta.servlet.ServletRequest', 'org.apache.catalina.startup.Tomcat', 'org.apache.coyote.UpgradeProtocol', 'org.springframework.boot.tomcat.servlet.TomcatServletWebServerFactory' (OnClassCondition)
      - found 'session' scope (OnWebApplicationCondition)

   TomcatServletWebServerAutoConfiguration#tomcatServletWebServerFactory matched:
      - @ConditionalOnMissingBean (types: org.springframework.boot.web.server.servlet.ServletWebServerFactory; SearchStrategy: current) did not find any beans (OnBeanCondition)

   TomcatWebServerConfiguration matched:
      - @ConditionalOnWarDeployment the application is not deployed as a WAR file. (OnWarDeploymentCondition)

   TomcatWebServerConfiguration.TomcatWebSocketConfiguration matched:
      - @ConditionalOnClass found required class 'org.apache.tomcat.websocket.server.WsSci' (OnClassCondition)

   WebMvcAutoConfiguration matched:
      - @ConditionalOnClass found required classes 'jakarta.servlet.Servlet', 'org.springframework.web.servlet.DispatcherServlet', 'org.springframework.web.servlet.config.annotation.WebMvcConfigurer' (OnClassCondition)
      - found 'session' scope (OnWebApplicationCondition)
      - @ConditionalOnMissingBean (types: org.springframework.web.servlet.config.annotation.WebMvcConfigurationSupport; SearchStrategy: all) did not find any beans (OnBeanCondition)

   WebMvcAutoConfiguration#formContentFilter matched:
      - @ConditionalOnBooleanProperty (spring.mvc.formcontent.filter.enabled=true) matched (OnPropertyCondition)
      - @ConditionalOnMissingBean (types: org.springframework.web.filter.FormContentFilter; SearchStrategy: all) did not find any beans (OnBeanCondition)

   WebMvcAutoConfiguration.EnableWebMvcConfiguration#flashMapManager matched:
      - @ConditionalOnMissingBean (names: flashMapManager; SearchStrategy: all) did not find any beans (OnBeanCondition)

   WebMvcAutoConfiguration.EnableWebMvcConfiguration#localeResolver matched:
      - @ConditionalOnMissingBean (names: localeResolver; SearchStrategy: all) did not find any beans (OnBeanCondition)

   WebMvcAutoConfiguration.EnableWebMvcConfiguration#viewNameTranslator matched:
      - @ConditionalOnMissingBean (names: viewNameTranslator; SearchStrategy: all) did not find any beans (OnBeanCondition)

   WebMvcAutoConfiguration.WebMvcAutoConfigurationAdapter#defaultViewResolver matched:
      - @ConditionalOnMissingBean (types: org.springframework.web.servlet.view.InternalResourceViewResolver; SearchStrategy: all) did not find any beans (OnBeanCondition)

   WebMvcAutoConfiguration.WebMvcAutoConfigurationAdapter#requestContextFilter matched:
      - @ConditionalOnMissingBean (types: org.springframework.web.context.request.RequestContextListener,org.springframework.web.filter.RequestContextFilter; SearchStrategy: all) did not find any beans (OnBeanCondition)

   WebMvcAutoConfiguration.WebMvcAutoConfigurationAdapter#viewResolver matched:
      - @ConditionalOnBean (types: org.springframework.web.servlet.ViewResolver; SearchStrategy: all) found beans 'defaultViewResolver', 'beanNameViewResolver', 'mvcViewResolver'; @ConditionalOnMissingBean (names: viewResolver types: org.springframework.web.servlet.view.ContentNegotiatingViewResolver; SearchStrategy: all) did not find any beans (OnBeanCondition)


Negative matches:
-----------------

   AopAutoConfiguration.AspectJAutoProxyingConfiguration:
      Did not match:
         - @ConditionalOnClass did not find required class 'org.aspectj.weaver.Advice' (OnClassCondition)

   DevToolsDataSourceAutoConfiguration:
      Did not match:
         - DevTools DataSource Condition did not find a single DataSource bean (DevToolsDataSourceAutoConfiguration.DevToolsDataSourceCondition)
      Matched:
         - @ConditionalOnClass found required class 'javax.sql.DataSource' (OnClassCondition)
         - Devtools devtools enabled. (OnEnabledDevToolsCondition)

   DevToolsDataSourceAutoConfiguration.DatabaseShutdownExecutorEntityManagerFactoryDependsOnConfiguration:
      Did not match:
         - @ConditionalOnClass did not find required classes 'org.springframework.boot.jpa.autoconfigure.EntityManagerFactoryDependsOnPostProcessor', 'org.springframework.orm.jpa.LocalContainerEntityManagerFactoryBean' (OnClassCondition)
         - Ancestor org.springframework.boot.devtools.autoconfigure.DevToolsDataSourceAutoConfiguration did not match (ConditionEvaluationReport.AncestorsMatchedCondition)

   DevToolsR2dbcAutoConfiguration:
      Did not match:
         - @ConditionalOnClass did not find required class 'io.r2dbc.spi.ConnectionFactory' (OnClassCondition)

   DispatcherServletAutoConfiguration.DispatcherServletConfiguration#multipartResolver:
      Did not match:
         - @ConditionalOnBean (types: org.springframework.web.multipart.MultipartResolver; SearchStrategy: all) did not find any beans of type org.springframework.web.multipart.MultipartResolver (OnBeanCondition)

   GsonHttpMessageConvertersConfiguration:
      Did not match:
         - @ConditionalOnClass did not find required class 'com.google.gson.Gson' (OnClassCondition)

   Jackson2HttpMessageConvertersConfiguration.MappingJackson2HttpMessageConverterConfiguration:
      Did not match:
         - @ConditionalOnClass did not find required class 'com.fasterxml.jackson.databind.ObjectMapper' (OnClassCondition)

   Jackson2HttpMessageConvertersConfiguration.MappingJackson2XmlHttpMessageConverterConfiguration:
      Did not match:
         - @ConditionalOnClass did not find required class 'com.fasterxml.jackson.dataformat.xml.XmlMapper' (OnClassCondition)

   JacksonAutoConfiguration.CborConfiguration:
      Did not match:
         - @ConditionalOnClass did not find required class 'tools.jackson.dataformat.cbor.CBORMapper' (OnClassCondition)

   JacksonAutoConfiguration.XmlConfiguration:
      Did not match:
         - @ConditionalOnClass did not find required class 'tools.jackson.dataformat.xml.XmlMapper' (OnClassCondition)

   JacksonHttpMessageConvertersConfiguration.JacksonXmlHttpMessageConverterConfiguration:
      Did not match:
         - @ConditionalOnClass did not find required class 'tools.jackson.dataformat.xml.XmlMapper' (OnClassCondition)

   JsonbHttpMessageConvertersConfiguration:
      Did not match:
         - @ConditionalOnClass did not find required class 'jakarta.json.bind.Jsonb' (OnClassCondition)

   KotlinSerializationHttpMessageConvertersConfiguration:
      Did not match:
         - @ConditionalOnClass did not find required classes 'kotlinx.serialization.Serializable', 'kotlinx.serialization.json.Json' (OnClassCondition)

   LocalDevToolsAutoConfiguration.LiveReloadConfiguration:
      Did not match:
         - @ConditionalOnBooleanProperty (spring.devtools.livereload.enabled=true) did not find property 'spring.devtools.livereload.enabled' (OnPropertyCondition)

   MessageSourceAutoConfiguration:
      Did not match:
         - ResourceBundle did not find bundle with basename messages (MessageSourceAutoConfiguration.ResourceBundleCondition)

   ProjectInfoAutoConfiguration#buildProperties:
      Did not match:
         - @ConditionalOnResource did not find resource '${spring.info.build.location:classpath:META-INF/build-info.properties}' (OnResourceCondition)

   ProjectInfoAutoConfiguration#gitProperties:
      Did not match:
         - GitResource did not find git info at classpath:git.properties (ProjectInfoAutoConfiguration.GitResourceAvailableCondition)

   RemoteDevToolsAutoConfiguration:
      Did not match:
         - @ConditionalOnProperty (spring.devtools.remote.secret) did not find property 'spring.devtools.remote.secret' (OnPropertyCondition)
      Matched:
         - @ConditionalOnClass found required classes 'jakarta.servlet.Filter', 'org.springframework.http.server.ServerHttpRequest', 'org.springframework.boot.web.server.autoconfigure.ServerProperties' (OnClassCondition)

   ServletHttpExchangesAutoConfiguration:
      Did not match:
         - @ConditionalOnBean did not find required type 'org.springframework.boot.actuate.web.exchanges.HttpExchangeRepository' (OnBeanCondition)

   ServletManagementContextAutoConfiguration:
      Did not match:
         - @ConditionalOnClass did not find required class 'org.springframework.boot.actuate.autoconfigure.endpoint.web.WebEndpointProperties' (OnClassCondition)

   ServletMappingsAutoConfiguration:
      Did not match:
         - @ConditionalOnClass did not find required class 'org.springframework.boot.actuate.autoconfigure.endpoint.condition.ConditionalOnAvailableEndpoint' (OnClassCondition)

   ServletWebServerConfiguration#forwardedHeaderFilter:
      Did not match:
         - @ConditionalOnProperty (server.forward-headers-strategy=framework) did not find property 'server.forward-headers-strategy' (OnPropertyCondition)

   TaskExecutorConfigurations.AsyncConfigurerWrapperConfiguration:
      Did not match:
         - @ConditionalOnBean (types: org.springframework.scheduling.annotation.AsyncConfigurer; SearchStrategy: all) did not find any beans of type org.springframework.scheduling.annotation.AsyncConfigurer (OnBeanCondition)

   TaskExecutorConfigurations.SimpleAsyncTaskExecutorBuilderConfiguration#simpleAsyncTaskExecutorBuilderVirtualThreads:
      Did not match:
         - @ConditionalOnMissingBean (types: org.springframework.boot.task.SimpleAsyncTaskExecutorBuilder; SearchStrategy: all) found beans of type 'org.springframework.boot.task.SimpleAsyncTaskExecutorBuilder' simpleAsyncTaskExecutorBuilder (OnBeanCondition)

   TaskExecutorConfigurations.TaskExecutorConfiguration#applicationTaskExecutorVirtualThreads:
      Did not match:
         - @ConditionalOnThreading did not find VIRTUAL (OnThreadingCondition)

   TaskExecutorConfigurations.TaskExecutorContextPropagationConfiguration:
      Did not match:
         - @ConditionalOnClass did not find required class 'io.micrometer.context.ContextSnapshot' (OnClassCondition)

   TaskSchedulingAutoConfiguration#scheduledBeanLazyInitializationExcludeFilter:
      Did not match:
         - @ConditionalOnBean (names: org.springframework.scheduling.config.internalScheduledAnnotationProcessor; SearchStrategy: all) did not find any beans named org.springframework.scheduling.config.internalScheduledAnnotationProcessor (OnBeanCondition)

   TaskSchedulingConfigurations.SimpleAsyncTaskSchedulerBuilderConfiguration#simpleAsyncTaskSchedulerBuilderVirtualThreads:
      Did not match:
         - @ConditionalOnMissingBean (types: org.springframework.boot.task.SimpleAsyncTaskSchedulerBuilder; SearchStrategy: all) found beans of type 'org.springframework.boot.task.SimpleAsyncTaskSchedulerBuilder' simpleAsyncTaskSchedulerBuilder (OnBeanCondition)

   TaskSchedulingConfigurations.TaskSchedulerConfiguration:
      Did not match:
         - @ConditionalOnBean (names: org.springframework.scheduling.config.internalScheduledAnnotationProcessor; SearchStrategy: all) did not find any beans named org.springframework.scheduling.config.internalScheduledAnnotationProcessor (OnBeanCondition)

   TomcatMetricsAutoConfiguration:
      Did not match:
         - @ConditionalOnClass did not find required class 'io.micrometer.core.instrument.binder.tomcat.TomcatMetrics' (OnClassCondition)

   TomcatReactiveManagementContextAutoConfiguration:
      Did not match:
         - @ConditionalOnClass did not find required class 'org.springframework.boot.actuate.autoconfigure.web.server.ManagementContextFactory' (OnClassCondition)

   TomcatReactiveWebServerAutoConfiguration:
      Did not match:
         - @ConditionalOnWebApplication did not find reactive web application classes (OnWebApplicationCondition)

   TomcatServletManagementContextAutoConfiguration:
      Did not match:
         - @ConditionalOnClass did not find required class 'org.springframework.boot.actuate.autoconfigure.web.server.ManagementContextFactory' (OnClassCondition)

   TomcatServletWebServerAutoConfiguration#tomcatForwardedHeaderFilterCustomizer:
      Did not match:
         - @ConditionalOnProperty (server.forward-headers-strategy=framework) did not find property 'server.forward-headers-strategy' (OnPropertyCondition)

   TomcatWebServerConfiguration#tomcatVirtualThreadsProtocolHandlerCustomizer:
      Did not match:
         - @ConditionalOnThreading did not find VIRTUAL (OnThreadingCondition)

   WebMvcAutoConfiguration#hiddenHttpMethodFilter:
      Did not match:
         - @ConditionalOnBooleanProperty (spring.mvc.hiddenmethod.filter.enabled=true) did not find property 'spring.mvc.hiddenmethod.filter.enabled' (OnPropertyCondition)

   WebMvcAutoConfiguration.ProblemDetailsErrorHandlingConfiguration:
      Did not match:
         - @ConditionalOnBooleanProperty (spring.mvc.problemdetails.enabled=true) did not find property 'spring.mvc.problemdetails.enabled' (OnPropertyCondition)

   WebMvcAutoConfiguration.ResourceChainCustomizerConfiguration:
      Did not match:
         - @ConditionalOnEnabledResourceChain did not find class org.webjars.WebJarVersionLocator (OnEnabledResourceChainCondition)

   WebMvcAutoConfiguration.WebMvcAutoConfigurationAdapter#beanNameViewResolver:
      Did not match:
         - @ConditionalOnMissingBean (types: org.springframework.web.servlet.view.BeanNameViewResolver; SearchStrategy: all) found beans of type 'org.springframework.web.servlet.view.BeanNameViewResolver' beanNameViewResolver (OnBeanCondition)

   WebMvcHealthEndpointExtensionAutoConfiguration:
      Did not match:
         - @ConditionalOnClass did not find required class 'org.springframework.boot.health.actuate.endpoint.HealthEndpoint' (OnClassCondition)

   WebMvcMappingsAutoConfiguration:
      Did not match:
         - @ConditionalOnClass did not find required class 'org.springframework.boot.actuate.autoconfigure.endpoint.condition.ConditionalOnAvailableEndpoint' (OnClassCondition)

   WebMvcObservationAutoConfiguration:
      Did not match:
         - @ConditionalOnClass did not find required class 'org.springframework.boot.micrometer.observation.autoconfigure.ObservationProperties' (OnClassCondition)


Exclusions:
-----------

    None


Unconditional classes:
----------------------

    org.springframework.boot.autoconfigure.context.ConfigurationPropertiesAutoConfiguration

    org.springframework.boot.autoconfigure.ssl.SslAutoConfiguration

    org.springframework.boot.autoconfigure.context.LifecycleAutoConfiguration

    org.springframework.boot.autoconfigure.context.PropertyPlaceholderAutoConfiguration

    org.springframework.boot.autoconfigure.availability.ApplicationAvailabilityAutoConfiguration

    org.springframework.boot.autoconfigure.info.ProjectInfoAutoConfiguration



2026-07-09T12:34:55.963+05:30  INFO 6388 --- [01-Sb-Logging-App] [restartedMain] com.example.Application                  : Started Application in 3.91 seconds (process running for 5.119)
2026-07-09T12:34:55.968+05:30 DEBUG 6388 --- [01-Sb-Logging-App] [restartedMain] o.s.b.a.ApplicationAvailabilityBean      : Application availability state LivenessState changed to CORRECT
2026-07-09T12:34:55.972+05:30 DEBUG 6388 --- [01-Sb-Logging-App] [restartedMain] o.s.boot.devtools.restart.Restarter      : Creating new Restarter for thread Thread[main,5,main]
2026-07-09T12:34:55.972+05:30 DEBUG 6388 --- [01-Sb-Logging-App] [restartedMain] o.s.boot.devtools.restart.Restarter      : Immediately restarting application
2026-07-09T12:34:55.972+05:30 DEBUG 6388 --- [01-Sb-Logging-App] [restartedMain] o.s.boot.devtools.restart.Restarter      : Starting application com.example.Application with URLs [file:/C:/Java%20Workplace/Spring-Workplace/01-Sb-Logging-App/target/classes/]
2026-07-09T12:34:55.973+05:30 DEBUG 6388 --- [01-Sb-Logging-App] [restartedMain] o.s.b.a.ApplicationAvailabilityBean      : Application availability state ReadinessState changed to ACCEPTING_TRAFFIC
2026-07-09T12:34:56.108+05:30 DEBUG 6388 --- [01-Sb-Logging-App] [RMI TCP Connection(2)-127.0.0.1] sun.rmi.transport.tcp                    : RMI TCP Connection(2)-127.0.0.1: (port 22381) op = 82
2026-07-09T12:34:56.109+05:30 DEBUG 6388 --- [01-Sb-Logging-App] [RMI TCP Connection(2)-127.0.0.1] sun.rmi.transport.tcp                    : RMI TCP Connection(2)-127.0.0.1: (port 22381) op = 80
2026-07-09T12:34:56.109+05:30 DEBUG 6388 --- [01-Sb-Logging-App] [RMI TCP Connection(2)-127.0.0.1] sun.rmi.loader                           : RMI TCP Connection(2)-127.0.0.1: name = "javax.management.ObjectName", codebase = ""
2026-07-09T12:34:56.109+05:30 DEBUG 6388 --- [01-Sb-Logging-App] [RMI TCP Connection(2)-127.0.0.1] javax.management.remote.rmi              : connectionId=rmi://127.0.0.1  1, name=org.springframework.boot:type=Admin,name=SpringApplication, attribute=Ready
2026-07-09T12:35:08.607+05:30 DEBUG 6388 --- [01-Sb-Logging-App] [http-nio-8080-exec-1] o.a.c.a.jaspic.AuthConfigFactoryImpl     : Loading persistent provider registrations from [C:\Users\Admin\AppData\Local\Temp\tomcat.8080.3032887334516370692\conf\jaspic-providers.xml]
2026-07-09T12:35:08.611+05:30  INFO 6388 --- [01-Sb-Logging-App] [http-nio-8080-exec-1] o.a.c.c.C.[Tomcat].[localhost].[/]       : Initializing Spring DispatcherServlet 'dispatcherServlet'
2026-07-09T12:35:08.612+05:30  INFO 6388 --- [01-Sb-Logging-App] [http-nio-8080-exec-1] o.s.web.servlet.DispatcherServlet        : Initializing Servlet 'dispatcherServlet'
2026-07-09T12:35:08.612+05:30 DEBUG 6388 --- [01-Sb-Logging-App] [http-nio-8080-exec-1] o.s.web.servlet.DispatcherServlet        : Detected StandardServletMultipartResolver
2026-07-09T12:35:08.612+05:30 DEBUG 6388 --- [01-Sb-Logging-App] [http-nio-8080-exec-1] o.s.web.servlet.DispatcherServlet        : Detected AcceptHeaderLocaleResolver
2026-07-09T12:35:08.616+05:30 DEBUG 6388 --- [01-Sb-Logging-App] [http-nio-8080-exec-1] o.s.web.servlet.DispatcherServlet        : Detected org.springframework.web.servlet.view.DefaultRequestToViewNameTranslator@6fc730d2
2026-07-09T12:35:08.616+05:30 DEBUG 6388 --- [01-Sb-Logging-App] [http-nio-8080-exec-1] o.s.web.servlet.DispatcherServlet        : Detected org.springframework.web.servlet.support.SessionFlashMapManager@6d7c60e3
2026-07-09T12:35:08.617+05:30 DEBUG 6388 --- [01-Sb-Logging-App] [http-nio-8080-exec-1] o.s.web.servlet.DispatcherServlet        : enableLoggingRequestDetails='false': request parameters and headers will be masked to prevent unsafe logging of potentially sensitive data
2026-07-09T12:35:08.617+05:30  INFO 6388 --- [01-Sb-Logging-App] [http-nio-8080-exec-1] o.s.web.servlet.DispatcherServlet        : Completed initialization in 5 ms
2026-07-09T12:35:08.637+05:30 DEBUG 6388 --- [01-Sb-Logging-App] [http-nio-8080-exec-1] o.s.web.servlet.DispatcherServlet        : GET "/demo", parameters={}
2026-07-09T12:35:08.666+05:30 DEBUG 6388 --- [01-Sb-Logging-App] [http-nio-8080-exec-1] s.w.s.m.m.a.RequestMappingHandlerMapping : Mapped to com.example.rest.DemoRestController#getDemoMsg()
2026-07-09T12:35:08.690+05:30 DEBUG 6388 --- [01-Sb-Logging-App] [http-nio-8080-exec-1] com.example.rest.DemoRestController      : This is debug msg
2026-07-09T12:35:08.690+05:30  INFO 6388 --- [01-Sb-Logging-App] [http-nio-8080-exec-1] com.example.rest.DemoRestController      : This is info msg
2026-07-09T12:35:08.690+05:30  WARN 6388 --- [01-Sb-Logging-App] [http-nio-8080-exec-1] com.example.rest.DemoRestController      : This is Warn msg
2026-07-09T12:35:08.690+05:30 ERROR 6388 --- [01-Sb-Logging-App] [http-nio-8080-exec-1] com.example.rest.DemoRestController      : This is error msg
2026-07-09T12:35:08.707+05:30 DEBUG 6388 --- [01-Sb-Logging-App] [http-nio-8080-exec-1] m.m.a.RequestResponseBodyMethodProcessor : Using 'text/html', given [text/html, application/xhtml+xml, image/avif, image/webp, image/apng, application/xml;q=0.9, */*;q=0.8, application/signed-exchange;v=b3;q=0.7] and supported [text/plain, */*, application/json, application/*+json]
2026-07-09T12:35:08.710+05:30 DEBUG 6388 --- [01-Sb-Logging-App] [http-nio-8080-exec-1] m.m.a.RequestResponseBodyMethodProcessor : Writing ["This is Demo method msg"]
2026-07-09T12:35:08.725+05:30 DEBUG 6388 --- [01-Sb-Logging-App] [http-nio-8080-exec-1] o.s.web.servlet.DispatcherServlet        : Completed 200 OK
2026-07-09T12:35:21.902+05:30 DEBUG 6388 --- [01-Sb-Logging-App] [RMI TCP Connection(1)-127.0.0.1] sun.rmi.transport.tcp                    : RMI TCP Connection(1)-127.0.0.1: (port 22378) connection closed
2026-07-09T12:35:21.903+05:30 DEBUG 6388 --- [01-Sb-Logging-App] [RMI TCP Connection(1)-127.0.0.1] sun.rmi.transport.tcp                    : RMI TCP Connection(1)-127.0.0.1: close connection, socket: Socket[addr=/127.0.0.1,port=22383,localport=22378]
2026-07-09T12:35:21.904+05:30 DEBUG 6388 --- [01-Sb-Logging-App] [RMI TCP Connection(1)-127.0.0.1] sun.rmi.transport.tcp                    : RMI TCP Connection(1)-127.0.0.1: socket close: Socket[addr=/127.0.0.1,port=22383,localport=22378]
2026-07-09T12:35:21.914+05:30 DEBUG 6388 --- [01-Sb-Logging-App] [RMI TCP Connection(2)-127.0.0.1] sun.rmi.transport.tcp                    : RMI TCP Connection(2)-127.0.0.1: (port 22381) connection closed
2026-07-09T12:35:21.915+05:30 DEBUG 6388 --- [01-Sb-Logging-App] [RMI TCP Connection(2)-127.0.0.1] sun.rmi.transport.tcp                    : RMI TCP Connection(2)-127.0.0.1: close connection, socket: Socket[addr=/127.0.0.1,port=22384,localport=22381]
2026-07-09T12:35:21.915+05:30 DEBUG 6388 --- [01-Sb-Logging-App] [RMI TCP Connection(2)-127.0.0.1] sun.rmi.transport.tcp                    : RMI TCP Connection(2)-127.0.0.1: socket close: Socket[addr=/127.0.0.1,port=22384,localport=22381]
2026-07-09T12:35:26.453+05:30 DEBUG 6388 --- [01-Sb-Logging-App] [RMI TCP Connection(3)-127.0.0.1] sun.rmi.transport.tcp                    : RMI TCP Connection(3)-127.0.0.1: accepted socket from [127.0.0.1:22388]
2026-07-09T12:35:26.454+05:30 DEBUG 6388 --- [01-Sb-Logging-App] [RMI TCP Connection(3)-127.0.0.1] sun.rmi.transport.tcp                    : RMI TCP Connection(3)-127.0.0.1: (port 22378) op = 80
2026-07-09T12:35:26.456+05:30 DEBUG 6388 --- [01-Sb-Logging-App] [RMI TCP Connection(3)-127.0.0.1] sun.rmi.transport.tcp                    : RMI TCP Connection(3)-127.0.0.1: (port 22378) op = 84
2026-07-09T12:35:26.460+05:30 DEBUG 6388 --- [01-Sb-Logging-App] [RMI TCP Connection(4)-127.0.0.1] sun.rmi.transport.tcp                    : RMI TCP Connection(4)-127.0.0.1: accepted socket from [127.0.0.1:22389]
2026-07-09T12:35:26.462+05:30 DEBUG 6388 --- [01-Sb-Logging-App] [RMI TCP Connection(4)-127.0.0.1] sun.rmi.transport.tcp                    : RMI TCP Connection(4)-127.0.0.1: (port 22381) op = 80
2026-07-09T12:35:26.465+05:30 DEBUG 6388 --- [01-Sb-Logging-App] [RMI TCP Connection(4)-127.0.0.1] sun.rmi.transport.tcp                    : RMI TCP Connection(4)-127.0.0.1: (port 22381) op = 80
2026-07-09T12:35:26.466+05:30 DEBUG 6388 --- [01-Sb-Logging-App] [RMI TCP Connection(4)-127.0.0.1] sun.rmi.loader                           : RMI TCP Connection(4)-127.0.0.1: name = "[Ljava.rmi.server.ObjID;", codebase = "", defaultLoader = jdk.internal.loader.ClassLoaders$PlatformClassLoader@4d1f3d65
2026-07-09T12:35:26.466+05:30 DEBUG 6388 --- [01-Sb-Logging-App] [RMI TCP Connection(4)-127.0.0.1] sun.rmi.loader                           : RMI TCP Connection(4)-127.0.0.1: name = "java.rmi.server.ObjID", codebase = "", defaultLoader = jdk.internal.loader.ClassLoaders$PlatformClassLoader@4d1f3d65
2026-07-09T12:35:26.467+05:30 DEBUG 6388 --- [01-Sb-Logging-App] [RMI TCP Connection(4)-127.0.0.1] sun.rmi.loader                           : RMI TCP Connection(4)-127.0.0.1: name = "java.rmi.server.UID", codebase = "", defaultLoader = jdk.internal.loader.ClassLoaders$PlatformClassLoader@4d1f3d65
2026-07-09T12:35:26.467+05:30 DEBUG 6388 --- [01-Sb-Logging-App] [RMI TCP Connection(4)-127.0.0.1] sun.rmi.loader                           : RMI TCP Connection(4)-127.0.0.1: name = "java.rmi.dgc.Lease", codebase = "", defaultLoader = jdk.internal.loader.ClassLoaders$PlatformClassLoader@4d1f3d65
2026-07-09T12:35:26.467+05:30 DEBUG 6388 --- [01-Sb-Logging-App] [RMI TCP Connection(4)-127.0.0.1] sun.rmi.loader                           : RMI TCP Connection(4)-127.0.0.1: name = "java.rmi.dgc.VMID", codebase = "", defaultLoader = jdk.internal.loader.ClassLoaders$PlatformClassLoader@4d1f3d65
2026-07-09T12:35:26.468+05:30 DEBUG 6388 --- [01-Sb-Logging-App] [RMI TCP Connection(4)-127.0.0.1] sun.rmi.loader                           : RMI TCP Connection(4)-127.0.0.1: name = "[B", codebase = "", defaultLoader = jdk.internal.loader.ClassLoaders$PlatformClassLoader@4d1f3d65
2026-07-09T12:35:26.469+05:30 DEBUG 6388 --- [01-Sb-Logging-App] [RMI TCP Connection(4)-127.0.0.1] sun.rmi.transport.tcp                    : RMI TCP Connection(4)-127.0.0.1: (port 22381) op = 84
2026-07-09T12:35:26.469+05:30 DEBUG 6388 --- [01-Sb-Logging-App] [RMI TCP Connection(4)-127.0.0.1] sun.rmi.transport.tcp                    : RMI TCP Connection(4)-127.0.0.1: (port 22381) op = 80
2026-07-09T12:35:26.470+05:30 DEBUG 6388 --- [01-Sb-Logging-App] [RMI TCP Connection(4)-127.0.0.1] sun.rmi.transport.tcp                    : RMI TCP Connection(4)-127.0.0.1: (port 22381) op = 80
2026-07-09T12:35:26.470+05:30 DEBUG 6388 --- [01-Sb-Logging-App] [RMI TCP Connection(4)-127.0.0.1] sun.rmi.loader                           : RMI TCP Connection(4)-127.0.0.1: name = "javax.management.ObjectName", codebase = ""
2026-07-09T12:35:26.471+05:30 DEBUG 6388 --- [01-Sb-Logging-App] [RMI TCP Connection(4)-127.0.0.1] sun.rmi.loader                           : RMI TCP Connection(4)-127.0.0.1: name = "java.rmi.MarshalledObject", codebase = ""
2026-07-09T12:35:26.473+05:30 DEBUG 6388 --- [01-Sb-Logging-App] [RMI TCP Connection(4)-127.0.0.1] javax.management.remote.rmi              : connectionId=rmi://127.0.0.1  2 unwrapping params with MBean extended ClassLoader.
2026-07-09T12:35:26.474+05:30 DEBUG 6388 --- [01-Sb-Logging-App] [RMI TCP Connection(4)-127.0.0.1] javax.management.remote.rmi              : connectionId=rmi://127.0.0.1  2, name=org.springframework.boot:type=Admin,name=SpringApplication, operationName=shutdown, signature=null
2026-07-09T12:35:26.475+05:30  INFO 6388 --- [01-Sb-Logging-App] [RMI TCP Connection(4)-127.0.0.1] inMXBeanRegistrar$SpringApplicationAdmin : Application shutdown requested.
2026-07-09T12:35:26.475+05:30 DEBUG 6388 --- [01-Sb-Logging-App] [RMI TCP Connection(4)-127.0.0.1] o.s.b.a.ApplicationAvailabilityBean      : Application availability state ReadinessState changed from ACCEPTING_TRAFFIC to REFUSING_TRAFFIC
2026-07-09T12:35:26.476+05:30 DEBUG 6388 --- [01-Sb-Logging-App] [RMI TCP Connection(4)-127.0.0.1] ConfigServletWebServerApplicationContext : Closing org.springframework.boot.web.server.servlet.context.AnnotationConfigServletWebServerApplicationContext@5e2abe6, started on Thu Jul 09 12:34:53 IST 2026
2026-07-09T12:35:26.479+05:30 DEBUG 6388 --- [01-Sb-Logging-App] [RMI TCP Connection(4)-127.0.0.1] o.s.c.support.DefaultLifecycleProcessor  : Stopping beans in phase 2147482623
2026-07-09T12:35:26.481+05:30  INFO 6388 --- [01-Sb-Logging-App] [RMI TCP Connection(4)-127.0.0.1] o.s.boot.tomcat.GracefulShutdown         : Commencing graceful shutdown. Waiting for active requests to complete
2026-07-09T12:35:26.768+05:30  INFO 6388 --- [01-Sb-Logging-App] [tomcat-shutdown] o.s.boot.tomcat.GracefulShutdown         : Graceful shutdown complete
2026-07-09T12:35:26.768+05:30 DEBUG 6388 --- [01-Sb-Logging-App] [RMI TCP Connection(4)-127.0.0.1] o.s.c.support.DefaultLifecycleProcessor  : Stopping beans in phase 2147481599
2026-07-09T12:35:26.769+05:30 DEBUG 6388 --- [01-Sb-Logging-App] [tomcat-shutdown] o.s.c.support.DefaultLifecycleProcessor  : Bean 'webServerGracefulShutdown' completed its stop procedure
2026-07-09T12:35:26.772+05:30 DEBUG 6388 --- [01-Sb-Logging-App] [RMI TCP Connection(4)-127.0.0.1] o.s.c.support.DefaultLifecycleProcessor  : Bean 'webServerStartStop' completed its stop procedure
2026-07-09T12:35:26.773+05:30 DEBUG 6388 --- [01-Sb-Logging-App] [RMI TCP Connection(4)-127.0.0.1] o.s.c.support.DefaultLifecycleProcessor  : Stopping beans in phase 1073741823
2026-07-09T12:35:26.773+05:30 DEBUG 6388 --- [01-Sb-Logging-App] [RMI TCP Connection(4)-127.0.0.1] o.s.c.support.DefaultLifecycleProcessor  : Bean 'applicationTaskExecutor' completed its stop procedure
2026-07-09T12:35:26.773+05:30 DEBUG 6388 --- [01-Sb-Logging-App] [RMI TCP Connection(4)-127.0.0.1] o.s.c.support.DefaultLifecycleProcessor  : Stopping beans in phase -2147483647
2026-07-09T12:35:26.773+05:30 DEBUG 6388 --- [01-Sb-Logging-App] [RMI TCP Connection(4)-127.0.0.1] o.s.c.support.DefaultLifecycleProcessor  : Bean 'springBootLoggingLifecycle' completed its stop procedure
2026-07-09T12:35:26.775+05:30 DEBUG 6388 --- [01-Sb-Logging-App] [RMI TCP Connection(4)-127.0.0.1] o.s.j.e.a.AnnotationMBeanExporter        : Unregistering JMX-exposed beans on shutdown
2026-07-09T12:35:26.776+05:30 DEBUG 6388 --- [01-Sb-Logging-App] [RMI TCP Connection(4)-127.0.0.1] o.s.s.concurrent.ThreadPoolTaskExecutor  : Shutting down ExecutorService 'applicationTaskExecutor'
